:020000040800F2
:1000000000000120496E0008A7590008A9590008FE
:10001000AB590008AD590008AF59000800000000B6
:1000200000000000000000000000000071960008C1
:10003000B15900080000000011970008ED97000872
:10004000916E0008916E0008916E0008916E000894
:10005000916E0008916E0008916E0008916E000884
:10006000916E0008916E0008916E0008916E000874
:10007000916E0008916E0008916E0008916E000864
:10008000916E0008916E0008916E0008916E000854
:10009000916E0008916E0008916E0008916E000844
:1000A000916E0008916E0008916E0008916E000834
:1000B000916E0008916E0008916E0008916E000824
:1000C000916E0008916E0008916E0008916E000814
:1000D000916E0008E55B0008916E0008916E0008C3
:1000E000916E0008916E0008916E000800000000FB
:1000F0000000000000000000000000000000000000
:0C01000000000000000000005FF808F1A3
:10011000034613F8012B002AFBD1181A0138704747
:1001200010F8012B11F8013B012A28BF9A42F7D0A1
:10013000D01A704781F0004102E000BF83F0004315
:1001400030B54FEA41044FEA430594EA050F08BF72
:1001500090EA020F1FBF54EA000C55EA020C7FEA36
:10016000645C7FEA655C00F0E2804FEA5454D4EBB3
:100170005555B8BF6D420CDD2C4480EA020281EA7D
:10018000030382EA000083EA010180EA020281EAB5
:100190000303362D88BF30BD11F0004F4FEA013107
:1001A0004FF4801C4CEA113102D0404261EB410116
:1001B00013F0004F4FEA03334CEA133302D052429C
:1001C00063EB430394EA050F00F0A780A4F1010458
:1001D000D5F1200E0DDB02FA0EFC22FA05F2801892
:1001E00041F1000103FA0EF2801843FA05F3594178
:1001F0000EE0A5F120050EF1200E012A03FA0EFCF7
:1002000028BF4CF0020C43FA05F3C01851EBE37120
:1002100001F0004507D54FF0000EDCF1000C7EEB3D
:1002200000006EEB0101B1F5801F1BD3B1F5001F7B
:100230000CD349085FEA30004FEA3C0C04F101049A
:100240004FEA445212F5800F80F09A80BCF1004FC3
:1002500008BF5FEA500C50F1000041EB045141EA45
:10026000050130BD5FEA4C0C404141EB0101013C0E
:1002700028BFB1F5801FE9D291F0000F04BF0146FD
:100280000020B1FA81F308BF2033A3F10B03B3F1CF
:1002900020020CDA0C3208DD02F1140CC2F10C025F
:1002A00001FA0CF021FA02F10CE002F11402D8BFBD
:1002B000C2F1200C01FA02F120FA0CFCDCBF41EA89
:1002C0000C019040E41AA2BF01EB0451294330BD58
:1002D0006FEA04041F3C1CDA0C340EDC04F1140435
:1002E000C4F1200220FA04F001FA02F340EA03000C
:1002F00021FA04F345EA030130BDC4F10C04C4F152
:10030000200220FA02F001FA04F340EA0300294631
:1003100030BD21FA04F0294630BD94F0000F83F47B
:10032000801306BF81F480110134013D4EE77FEA5E
:10033000645C18BF7FEA655C29D094EA050F08BFAA
:1003400090EA020F05D054EA000C04BF194610468B
:1003500030BD91EA030F1EBF0021002030BD5FEACF
:10036000545C05D14000494128BF41F0004130BDF7
:1003700014F580043CBF01F5801130BD01F000454B
:1003800045F0FE4141F470014FF0000030BD7FEABE
:10039000645C1ABF194610467FEA655C1CBF0B46B9
:1003A000024650EA013406BF52EA033591EA030FD0
:1003B00041F4002130BD00BF90F0000F04BF0021C8
:1003C000704730B54FF4806404F132044FF00005FB
:1003D0004FF0000150E700BF90F0000F04BF002174
:1003E000704730B54FF4806404F1320410F00045DA
:1003F00048BF40424FF000013EE700BF42004FEAD5
:10040000E2014FEA31014FEA02701FBF12F07F4351
:1004100093F07F4F81F06051704732F07F4208BF08
:10042000704793F07F4F04BF41F40021704730B50F
:100430004FF4607401F0004521F000411CE700BF5B
:1004400050EA010208BF704730B54FF000050AE0DE
:1004500050EA010208BF704730B511F0004502D5DF
:10046000404261EB41014FF4806404F132045FEAE1
:10047000915C3FF4D8AE4FF003025FEADC0C18BF8A
:1004800003325FEADC0C18BF033202EBDC02C2F17C
:10049000200300FA03FC20FA02F001FA03FE40EA0E
:1004A0000E0021FA02F11444BDE600BF70B54FF012
:1004B000FF0C4CF4E06C1CEA11541DBF1CEA1355F0
:1004C00094EA0C0F95EA0C0F00F0DEF82C4481EA58
:1004D000030621EA4C5123EA4C5350EA013518BF78
:1004E00052EA033541F4801143F4801338D0A0FB65
:1004F00002CE4FF00005E1FB02E506F00042E0FB12
:1005000003E54FF00006E1FB03569CF0000F18BF17
:100510004EF0010EA4F1FF04B6F5007F64F54074BF
:1005200004D25FEA4E0E6D4146EB060642EAC62152
:1005300041EA55514FEAC52040EA5E504FEACE2EBF
:10054000B4F1FD0C88BFBCF5E06F1ED8BEF1004FC2
:1005500008BF5FEA500E50F1000041EB045170BD3E
:1005600006F0004646EA010140EA020081EA030182
:10057000B4EB5C04C2BFD4EB0C0541EA045170BD7E
:1005800041F480114FF0000E013C00F3AB8014F1F8
:10059000360FDEBF002001F0004170BDC4F1000441
:1005A000203C35DA0C341BDC04F11404C4F12005C2
:1005B00000FA05F320FA04F001FA05F240EA02001D
:1005C00001F0004221F0004110EBD37021FA04F653
:1005D00042EB06015EEA430E08BF20EAD37070BD0D
:1005E000C4F10C04C4F1200500FA04F320FA05F06C
:1005F00001FA04F240EA020001F0004110EBD3706E
:1006000041F100015EEA430E08BF20EAD37070BDDD
:10061000C4F1200500FA05F24EEA020E20FA04F3B6
:1006200001FA05F243EA020321FA04F001F0004165
:1006300021FA04F220EA020000EBD3705EEA430ED6
:1006400008BF20EAD37070BD94F0000F0FD101F005
:100650000046400041EB010111F4801F08BF013C3E
:10066000F7D041EA060195F0000F18BF704703F07C
:100670000046520043EB030313F4801F08BF013D03
:10068000F7D043EA0603704794EA0C0F0CEA1355BF
:1006900018BF95EA0C0F0CD050EA410618BF52EA79
:1006A0004306D1D181EA030101F000414FF000007F
:1006B00070BD50EA410606BF1046194652EA43068D
:1006C00019D094EA0C0F02D150EA013613D195EA01
:1006D0000C0F05D152EA03361CBF104619460AD149
:1006E00081EA030101F0004141F0FE4141F4700153
:1006F0004FF0000070BD41F0FE4141F4780170BD43
:1007000070B54FF0FF0C4CF4E06C1CEA11541DBFA7
:100710001CEA135594EA0C0F95EA0C0F00F0A7F8A9
:10072000A4EB050481EA030E52EA03354FEA0131D6
:1007300000F088804FEA03334FF0805545EA1313E9
:1007400043EA12634FEA022245EA111545EA1065B1
:100750004FEA00260EF000419D4208BF964244F148
:10076000FD0404F5407402D25B084FEA3202B61A67
:1007700065EB03055B084FEA32024FF480104FF43B
:10078000002CB6EB020E75EB030E22BFB61A7546AF
:1007900040EA0C005B084FEA3202B6EB020E75EB42
:1007A000030E22BFB61A754640EA5C005B084FEAAA
:1007B0003202B6EB020E75EB030E22BFB61A754677
:1007C00040EA9C005B084FEA3202B6EB020E75EB82
:1007D000030E22BFB61A754640EADC0055EA060E43
:1007E00018D04FEA051545EA16754FEA06164FEA86
:1007F000C30343EA52734FEAC2025FEA1C1CC0D132
:1008000011F4801F0BD141EA00014FF000004FF0BE
:10081000004CB6E711F4801F04BF01430020B4F17F
:10082000FD0C88BFBCF5E06F3FF6AFAEB5EB030C37
:1008300004BFB6EB020C5FEA500C50F1000041EB34
:10084000045170BD0EF0004E4EEA113114EB5C0401
:10085000C2BFD4EB0C0541EA045170BD41F48011D4
:100860004FF0000E013C90E645EA060E8DE60CEADC
:10087000135594EA0C0F08BF95EA0C0F3FF43BAFF9
:1008800094EA0C0F0AD150EA01347FF434AF95EAB0
:100890000C0F7FF425AF104619462CE795EA0C0F94
:1008A00006D152EA03353FF4FDAE1046194622E761
:1008B00050EA410618BF52EA43067FF4C5AE50EA3B
:1008C00041047FF40DAF52EA43057FF4EBAE12E72B
:1008D0004FF0FF3C06E000BF4FF0010C02E000BF0C
:1008E0004FF0010C4DF804CD4FEA410C7FEA6C5CEF
:1008F0004FEA430C18BF7FEA6C5C1BD001B050EA92
:10090000410C0CBF52EA430C91EA030F02BF90EA7C
:10091000020F0020704710F1000F91EA030F58BF3B
:10092000994208BF90422CBFD8176FEAE37040F09D
:10093000010070474FEA410C7FEA6C5C02D150EA3B
:10094000013C07D14FEA430C7FEA6C5CD6D152EAF6
:10095000033CD3D05DF8040B704700BF84461046BB
:1009600062468C461946634600E000BF01B5FFF7BA
:10097000B7FF002848BF10F1000F01BD4DF808ED8A
:10098000FFF7F4FF0CBF012000205DF808FB00BF5B
:100990004DF808EDFFF7EAFF34BF012000205DF8B5
:1009A00008FB00BF4DF808EDFFF7E0FF94BF012002
:1009B00000205DF808FB00BF4DF808EDFFF7CEFF03
:1009C00094BF012000205DF808FB00BF4DF808ED42
:1009D000FFF7C4FF34BF012000205DF808FB00BF13
:1009E0004FEA410C7FEA6C5C02D150EA013C0AD12B
:1009F0004FEA430C7FEA6C5C02D152EA033C02D11D
:100A00004FF0000070474FF0010070474FEA41027D
:100A100012F5001215D211D56FF47873B3EB625250
:100A200012D94FEAC12343F0004343EA505311F077
:100A3000004F23FA02F018BF404270474FF0000009
:100A4000704750EA013005D111F0004008BF6FF047
:100A5000004070474FF00000704700BF4A0011D2BD
:100A600012F5001211D20DD56FF47873B3EB625208
:100A70000ED44FEAC12343F0004343EA505323FA14
:100A800002F070474FF00000704750EA013002D189
:100A90004FF0FF3070474FF0000070474FEA4102BF
:100AA000B2F1E04324BFB3F5001CDCF1FE5C0DD9CC
:100AB00001F0004C4FEAC0024CEA5070B2F1004F16
:100AC00040EB830008BF20F00100704711F0804F19
:100AD00021D113F13872BCBF01F00040704741F4DE
:100AE00080114FEA5252C2F11802C2F1200C10FAE2
:100AF0000CF320FA02F018BF40F001004FEAC123C6
:100B00004FEAD32303FA0CFC40EA0C0023FA02F369
:100B10004FEA4303CCE77FEA625307D150EA01333F
:100B20001EBF4FF0FE4040F44000704701F000400F
:100B300040F0FE4040F40000704700BF80F00040ED
:100B400002E000BF81F0004142001FBF5FEA4103A5
:100B500092EA030F7FEA226C7FEA236C6AD04FEAA5
:100B60001262D2EB1363C1BFD218414048404140EA
:100B7000B8BF5B42192B88BF704710F0004F40F49C
:100B8000000020F07F4018BF404211F0004F41F4B8
:100B9000000121F07F4118BF494292EA030F3FD084
:100BA000A2F1010241FA03FC10EB0C00C3F1200397
:100BB00001FA03F100F0004302D5494260EB400026
:100BC000B0F5000F13D3B0F1807F06D340084FEA91
:100BD000310102F10102FE2A51D2B1F1004F40EB86
:100BE000C25008BF20F0010040EA030070474900EE
:100BF00040EB0000013A28BFB0F5000FEDD2B0FA8B
:100C000080FCACF1080CB2EB0C0200FA0CF0AABFAD
:100C100000EBC25052421843BCBFD040184370474B
:100C200092F0000F81F4000106BF80F40000013251
:100C3000013BB5E74FEA41037FEA226C18BF7FEA28
:100C4000236C21D092EA030F04D092F0000F08BF6A
:100C50000846704790EA010F1CBF0020704712F051
:100C60007F4F04D1400028BF40F00040704712F190
:100C700000723CBF00F50000704700F0004343F0F5
:100C8000FE4040F4000070477FEA226216BF08462B
:100C90007FEA23630146420206BF5FEA412390EAEE
:100CA000010F40F4800070474FF0000304E000BFE4
:100CB00010F0004348BF40425FEA000C08BF704795
:100CC00043F0964301464FF000001CE050EA010259
:100CD00008BF70474FF000030AE000BF50EA01026E
:100CE00008BF704711F0004302D5404261EB41015B
:100CF0005FEA010C02BF84460146002043F0B64380
:100D000008BFA3F18053A3F50003BCFA8CF2083AA4
:100D1000A3EBC25310DB01FA02FC634400FA02FCAD
:100D2000C2F12002BCF1004F20FA02F243EB0200B4
:100D300008BF20F00100704702F1200201FA02FC16
:100D4000C2F1200250EA4C0021FA02F243EB020009
:100D500008BF20EADC7070474FF0FF0C1CEAD0524D
:100D60001EBF1CEAD15392EA0C0F93EA0C0F6FD00E
:100D70001A4480EA010C400218BF5FEA41211ED0EC
:100D80004FF0006343EA501043EA5111A0FB0131D8
:100D90000CF00040B1F5000F3EBF490041EAD371AD
:100DA0005B0040EA010062F17F02FD2A1DD8B3F129
:100DB000004F40EBC25008BF20F00100704790F098
:100DC000000F0CF0004C08BF49024CEA502040EAEA
:100DD00051207F3AC2BFD2F1FF0340EAC2507047B0
:100DE00040F400004FF00003013A5DDC12F1190FEE
:100DF000DCBF00F000407047C2F10002410021FA60
:100E000002F1C2F1200200FA02FC5FEA310040F177
:100E1000000053EA4C0308BF20EADC70704792F0F0
:100E2000000F00F0004C02BF400010F4000F013A28
:100E3000F9D040EA0C0093F0000F01F0004C02BF23
:100E4000490011F4000F013BF9D041EA0C018FE792
:100E50000CEAD15392EA0C0F18BF93EA0C0F0AD098
:100E600030F0004C18BF31F0004CD8D180EA0100BE
:100E700000F00040704790F0000F17BF90F0004F57
:100E8000084691F0000F91F0004F14D092EA0C0F39
:100E900001D142020FD193EA0C0F03D14B0218BFCC
:100EA000084608D180EA010000F0004040F0FE4012
:100EB00040F40000704740F0FE4040F440007047AE
:100EC0004FF0FF0C1CEAD0521EBF1CEAD15392EA2D
:100ED0000C0F93EA0C0F69D0A2EB030280EA010C1D
:100EE00049024FEA402037D04FF0805343EA1111B6
:100EF00043EA10130CF000408B4238BF5B0042F114
:100F00007D024FF4000C8B4224BF5B1A40EA0C00B8
:100F1000B3EB510F24BFA3EB510340EA5C00B3EBEA
:100F2000910F24BFA3EB910340EA9C00B3EBD10FD8
:100F300024BFA3EBD10340EADC001B0118BF5FEA2A
:100F40001C1CE0D1FD2A3FF650AF8B4240EBC25053
:100F500008BF20F0010070470CF0004C4CEA502014
:100F60007F32C2BFD2F1FF0340EAC250704740F463
:100F700000004FF00003013A37E792F0000F00F055
:100F8000004C02BF400010F4000F013AF9D040EAD3
:100F90000C0093F0000F01F0004C02BF490011F467
:100FA000000F013BF9D041EA0C0195E70CEAD1535F
:100FB00092EA0C0F08D142027FF47DAF93EA0C0F46
:100FC0007FF470AF084676E793EA0C0F04D14B022A
:100FD0003FF44CAF08466EE730F0004C18BF31F0DC
:100FE000004CCAD130F000427FF45CAF31F00043D6
:100FF0007FF43CAF5FE700BF0348044B834202D05D
:10100000034B03B118477047EC010020EC010020AE
:10101000000000000548064B1B1AD90F01EBA30185
:10102000491002D0034B03B118477047EC01002070
:10103000EC0100200000000010B5064C237843B9F5
:10104000FFF7DAFF044B13B10448AFF3008001232C
:10105000237010BDEC01002000000000ECA200088D
:1010600008B5054B1BB105490548AFF30080BDE845
:101070000840FFF7CFBF00BF00000000F0010020D4
:10108000ECA20008002B2DE9F0471D46BBBF03F181
:1010900000431D4600232D2388B0149F144627F0DB
:1010A0002007B8BF1446129A462F109EDDF84CA0B8
:1010B000137004D0452F00D10136022300E0032332
:1010C00007AA049206AACDE902A2CDE9003622467B
:1010D0002B4601F089F8472F80461AD1119BDB0778
:1010E0000ED500EB06090022002320462946FFF713
:1010F00045FC08B1CDF81C903022079B4B451ED310
:101100004046079B159AA3EB0803136008B0BDE89F
:10111000F087462F00EB0609E5D10378302B0AD182
:101120000022002320462946FFF728FC18B9C6F103
:101130000106CAF80060DAF800309944D3E7591C78
:1011400007911A70D9E7F7B50029B6BF2D232B23D5
:1011500049420929027043702BDD0DF10704A646B0
:101160000A26871CB1FBF6F5A44606FB1512632977
:1011700002F13002294604F1FF340CF8012CF1DCB5
:101180003031ACF1020204F8011C1446411C7245D6
:101190000AD30DF10903A3EB0C03A64538BF0023C6
:1011A0003B44181A03B0F0BD12F8013B01F8013FAF
:1011B000EDE7302330318370C170031DF1E700008B
:1011C0002DE9F04F93B00C46DDF8708016461F46AF
:1011D000054600F0FDFE036818460B93FEF798FFE6
:1011E00000231093D8F8003094F818A0073323F0A8
:1011F0000703F3E80212D4F800B0CDE90812C8F8EA
:10120000003013460A46C4E91223DDE9088323F0BF
:1012100000490C904FF0FF32404649469A4BFFF789
:10122000DFFB70BB4FF0FF3240464946964BFFF75D
:10123000B9FB30BBDDE9080100220023FFF7A8FB62
:1012400010B12D2384F84330904A914BBAF1470FE7
:101250008CBF9046984603234FF0000923612BF082
:1012600004032360334621462846009711AA00F064
:10127000D1F9013040F08F804FF0FF3013B0BDE85E
:10128000F08FDDE9082310461946FFF7A9FB40B1AE
:10129000099B804A002BBCBF2D2384F843307E4B32
:1012A000D4E763680AF0DF095A1C3ED10623636065
:1012B00000224BF480632360069210AACDE904A2B9
:1012C0000FAA03920DF13B02CDE901326368284673
:1012D0000093DDE90823FFF7D5FEB9F1470F8046FB
:1012E0000F9929D1C81C02DB63688B4241DAAAF14D
:1012F000020A5FFA8AFA5246013904F150000F914E
:10130000FFF721FF109A81461318012A236102DC9E
:101310002268D20701D5013323619DF83B30002BB1
:10132000A0D02D2384F843309CE7B9F1470FBFD1FB
:10133000002BBDD10123BAE7BAF1650FDBD9BAF1B1
:10134000660F18D1002963680BDD216113B922688B
:10135000D00702D501330B4423614FF00009A1658A
:10136000DBE713B92268D20701D50233F4E7012382
:10137000F2E74FF0670A109B8B4205DC236821617E
:10138000D807EAD54B1CE7E70029CCBF0122C1F101
:1013900002021344E0E723685A0507D42369424652
:1013A00031462846B847013028D165E7BAF1650FC4
:1013B00040F2DC80D4E9120100220023FFF7DEFABC
:1013C00090B3012331462846344AB84701303FF4F0
:1013D00053AFDDE90F38434502DB2368D8070DD54D
:1013E000DDE90B2331462846B84701303FF444AFCE
:1013F0004FF0000908F1FF38C84509DC23689B0756
:1014000000F10581E068119B9842B8BF184635E7A6
:1014100001233146284604F11A02B84701303FF44F
:101420002BAF09F10109E7E70F9B834238DC012369
:1014300031462846194AB84701303FF41DAFDDE96F
:101440000F3959EA030302D12368D907D6D5DDE95C
:101450000B2331462846B84701303FF40DAF4FF01B
:10146000000A0F9B5B42534501DC4B4697E7012383
:101470003146284604F11A02B84701303FF4FCAE69
:101480000AF1010AEDE700BFFFFFEF7F18A3000894
:1014900014A3000820A300081CA3000801A500084D
:1014A000A36DDDF840B05B45A8BF5B46002B0893F9
:1014B00037DC4FF0000904F11A02089BD4F858A059
:1014C000002BB4BF5346AAEB03034B4531DC0F9B03
:1014D0009B453ADC2368DA0737D40F9BABEB030953
:1014E000ABEB0A039945A8BF9946B9F1000F34DC6C
:1014F0004FF000080F9BB9F1000FABEB0303A8BF3F
:10150000A3EB090343457FF779AF01233146284612
:1015100004F11A02B84701303FF4AEAE08F10108F9
:10152000E8E7424631462846089BB8470130C0D11B
:10153000A2E60123314628460D92B84701303FF418
:101540009BAE0D9A09F10109B7E73146DDE90B239E
:101550002846B8470130C0D18EE64B463146284672
:1015600008EB0A02B8470130C2D185E6DDF840A099
:10157000BAF1010F01DCDB0735D5012342463146C4
:101580002846B84701303FF477AEDDE90B233146FA
:101590002846B84701303FF46FAED4E9120100226B
:1015A00000230AF1FF3AFFF7E9F9C8B9534608F1F9
:1015B000010231462846B84701300DD15CE60123CF
:1015C0003146284604F11A02B84701303FF454AEC0
:1015D00008F10108D045F2DB4B4604F15002DFE68A
:1015E0004FF00008F6E701234246E2E701233146C7
:1015F000284604F11902B84701303FF43DAE08F126
:101600000108E36811995B1A4345EFDCFAE64FF0F5
:101610000008F6E72DE9F047914698468A680B697D
:1016200007469342B8BF1346C9F8003091F84320EB
:101630000C46089E12B10133C9F8003023689906A0
:1016400042BFD9F800300233C9F80030256815F0E0
:10165000060507D104F1190AE368D9F800209B1A9E
:10166000AB4229DC94F843302268003B18BF0123C9
:1016700092062ED44146384604F14302B047013069
:1016800021D02368A16803F00603042B12BF0025B4
:10169000E568D9F80030226904BFED1A25EAE5753E
:1016A0008B1A2B449142C8BF1D464FF000091A34D3
:1016B0004D451AD1002008E00123524641463846E4
:1016C000B047013003D14FF0FF30BDE8F08701355E
:1016D000C2E73020E11881F843005A1C94F8451005
:1016E0002244023382F84310C4E7012322464146D4
:1016F0003846B0470130E6D009F10109D8E70000CB
:101700002DE9F04398460B7E85B0782B17460646A8
:101710000C460C9A09D8622B01F1430108D8002B22
:1017200000F0DC80582B00F0BD8004F1420539E068
:10173000A3F163001528F8D801A555F820F000BFE3
:1017400099170008AD1700082B1700082B17000881
:101750002B1700082B170008AD1700082B170008DF
:101760002B1700082B1700082B170008BD180008BE
:10177000D91700086B1800082B1700082B17000852
:10178000E51800082B170008D91700082B170008C8
:101790002B17000873180008136804F14205191D7F
:1017A0001B68116084F842300123A8E013682568A3
:1017B000181D1060280601D51B6803E06A06FBD5DA
:1017C000B3F90030002B03DA2D225B4284F843206A
:1017D0000A22DFF878C113E02568106815F0800F41
:1017E00050F8043B02D16D0648BF9BB21060227EC8
:1017F000DFF858C16F2A5DD10822002084F8430029
:101800006568002DA56005DB20681D4320F00400FD
:10181000206051D00D46B3FBF2F002FB103E1CF8E5
:101820000EE09A4205F801ED0346F4D9082A0BD1DF
:101830002368DA0708D5236962689A42DEBF30233D
:1018400005F8013C05F1FF35491B21613B46214666
:101850003046CDF8008003AAFFF7DCFE013053D1FB
:101860004FF0FF3005B0BDE8F083236843F020035C
:1018700023607823DFF8D8C084F8453020681568E5
:1018800010F0800F55F8043B03D110F0400F18BF43
:101890009BB21560C50744BF40F02000206023B113
:1018A0001022AAE7DFF8A4C0E6E7226822F02002AF
:1018B0002260F5E70A22A0E70D46B7E71368D4F8DF
:1018C00000C01D1D60691CF0800F15601B6801D0F1
:1018D000186003E01CF0400FFAD0188000230D467A
:1018E0002361B3E71368191D11601D6800212846A4
:1018F000626800F0DEFB08B1401B60606368236132
:10190000002384F84330A1E72A463946304623694C
:10191000C0470130A4D023689B0714D4E068039B20
:101920009842B8BF18469DE701233946304604F176
:101930001902C047013093D00135E36803995B1A5F
:10194000AB42F1DCEAE70025F7E700BF24A300087B
:1019500035A300082DE9F04F87B003938B689146BB
:101960005A1EB2F5AE7F82BF6FF4AE7503EB050B66
:1019700040F25D130A464FF0000588BF8B600B688C
:10198000804643F4F06342F81C3B0C4698BF4FF08E
:10199000000B1646AA462F46CDE904550192029542
:1019A000A2685AB1D9F800301B784E2B62D8402B70
:1019B0003AD8A3F12B01C8B20E2838D91FB1236839
:1019C00023F4807323600AF1FF3ABAF1010F00F2A9
:1019D0001481019B9E4200F20581012007B0BDE801
:1019E000F08FA3F161020D2AE8D801A151F822F08D
:1019F000391B0008BD190008BD190008BD190008F1
:101A0000951B00086F1B0008BD190008BD190008D0
:101A1000471B0008BD190008BD190008BD190008C2
:101A2000BD190008031B0008A3F14102DBE70E29E2
:101A3000C4D801A050F821F0F31A0008BD1900081D
:101A4000F31A0008831B0008BD190008951A000846
:101A5000D91A0008D91A0008D91A0008D91A00089A
:101A6000D91A0008D91A0008D91A0008D91A00088A
:101A7000D91A00086E2B09D8602BB2D8542B7BD012
:101A8000592B9BD1072D99D108252FE0742B73D0AA
:101A9000792BF6E72168C8051ED521F08001216069
:101AA0000137BBF1000F03D001320BF1FF3BA26005
:101AB000A368013BA360236901332361D9F8043093
:101AC000013B002BC9F8043040F38380D9F8003083
:101AD0000133C9F8003063E71AEB05017FF46EAFFC
:101AE0000D468A46226822F4C072226006F8013B45
:101AF000DEE7226810067FF561AF22F080022260E7
:101B0000F4E7BAF1000F0CD177B9226802F4E06172
:101B1000B1F5E06F08D122F4F0624FF0010A2260C3
:101B2000E4E7BAF1020F51D0012D02D0042D7FF469
:101B300045AF0135EDB2D9E7BAF1010F7FF43EAF01
:101B40004FF0020AD2E775B9002F7FF438AF226850
:101B500002F4E061B1F5E06F40F0FF8022F4F06242
:101B600001252260C2E7032DE3D0052DDFE7022D1A
:101B70007FF424AF0325B9E7062D7FF41FAF0725B7
:101B8000B4E7226891057FF519AF22F42072226034
:101B90000297ABE7226802F4A061B1F5806F05D02F
:101BA00050057FF50BAF002F00F0D780910558BF8F
:101BB000029922F4F06258BF791A42F4C0724FF0D1
:101BC000000758BFCDE9041622608FE74FF0030AE3
:101BD0008CE749464046D4F88031984700283FF4C6
:101BE000DFAEEBE6D4F87C314A46404616F8011DDC
:101BF00098472369013B2361EBE66B1E062B24D833
:101C0000022D36D8019B9E427FF6E7AED4F87C3198
:101C10004A46404616F8011D98472369013B236157
:101C2000F0E7D4F87C314A4640461BF8011D98473E
:101C300023690AF1FF3A013B5FFA8AFA2361BAF19C
:101C4000030FEED1033DEDB2761B2368DA0530D5E4
:101C50005B0511D5019B9E427FF6BFAED4F87C3167
:101C60004A46404616F8011D98472369013B236107
:101C7000F0E7AA46B346E2E716F8011C2369652996
:101C800003F1FF3306F1FF3523610CD045290AD05B
:101C9000D4F87C314A4640469847236916F8021C1E
:101CA000013BB51E23614A464046D4F87C31984733
:101CB0002E46226812F0100201D000208EE632700B
:101CC000236803F4C063B3F5806F25D1029B9F4264
:101CD0000AD0DA1B04F26F139E4228BF04F5B776D0
:101CE00030461F4900F004F900224046019902F0F5
:101CF00007FC039B25681B6815F0020F06460F467C
:101D000003F1040215D003990A601B68C3E9006758
:101D1000E3680133E360D0E7049B002BE4D005992E
:101D20000A234046013102F06BFC049B059EC21A57
:101D3000D0E76D07E7D4039D2A601D6802460B4675
:101D4000FEF74EFE20B1074800F0C2F92860DFE739
:101D500030463946FEF7A2FEF8E7002733E600BF1B
:101D600046A3000889A40008002310B50446C0E972
:101D70000033C0E90433836081814366C28183619B
:101D8000194608225C3000F01BF90D4B2462636297
:101D90000C4BA3620C4BE3620C4B23630C4B9C4239
:101DA00006D003F16802944202D0D0339C4205D1A0
:101DB00004F15800BDE8104000F078B910BD00BF34
:101DC000351F00085B1F0008931F0008B91F00089B
:101DD00008020020024A0349034800F06BB800BF24
:101DE00000000020AD4900081000002041680C4BA5
:101DF00010B59942044601D002F0D8FDA168094B04
:101E0000994202D0204602F0D1FDE168064B99428A
:101E100004D02046BDE8104002F0C8BD10BD00BF90
:101E20000802002070020020D802002010B50A4BE2
:101E30000A4A04211A600A480022FFF795FF01228E
:101E400009210848FFF790FFBDE810400222122147
:101E50000548FFF789BF00BF40030020D51D0008DB
:101E60000802002070020020D8020020014800F083
:101E70001EB900BF49030020014800F019B900BF96
:101E80004903002010B50446FFF7F0FF236A1BB199
:101E9000BDE81040FFF7F0BF044B2362044B1B6802
:101EA000002BF5D1FFF7C2FFF2E700BFED1D0008E0
:101EB000400300202DE9F843804689461446002659
:101EC000D4E90175013F05D52468002CF8D13046CE
:101ED000BDE8F883AB89012B07D9B5F90E30013382
:101EE00003D029464046C84706436835EAE7000064
:101EF0000EB46FF0004110B500249DB01FAB0290EE
:101F00000690079104910948094953F8042B05915B
:101F1000006802A901931B9402F0D4FB029B1C7081
:101F20001DB0BDE8104003B0704700BF0C0000209A
:101F30000802FFFF10B50C46B1F90E1000F06EF864
:101F40000028ABBF636DA3891B1823F48053ACBF7B
:101F50006365A38110BD002070472DE9F0411F4645
:101F60008B890546DB050C46164605D50223002263
:101F7000B1F90E1000F040F8A389324623F48053E3
:101F8000A38128463B46B4F90E10BDE8F04100F0AD
:101F900057B810B50C46B1F90E1000F02DF8B4F991
:101FA0000C30421C0BBF23F4805343F48053A381B5
:101FB000A38118BF606510BDB1F90E1000F00CB818
:101FC00003460244934200D1704703F8011BF9E72E
:101FD000004870474C01002038B50023054C0546E9
:101FE0000846236003F0B8FE431C02D1236803B106
:101FF0002B6038BD4403002038B50546084611461D
:102000000022054C22601A4603F0B0FE431C02D1A8
:10201000236803B12B6038BD4403002038B5054662
:10202000084611460022054C22601A4603F076FE4F
:10203000431C02D1236803B12B6038BD4403002048
:1020400038B50546084611460022054C22601A465E
:1020500003F074FE431C02D1236803B12B6038BD2A
:102060004403002070B500260C4C0D4B1D1BB6EB35
:10207000A50F09D1002608F039F90A4C0A4B1D1B9F
:10208000B6EBA50F05D170BD54F8043B9847013657
:10209000EDE754F8043B98470136F1E77CB60008B9
:1020A0007CB600087CB6000880B600087047704710
:1020B0007047034610B5C9B20244934201D10020D3
:1020C00004E01846047801338C42F6D110BD0000BC
:1020D000004870470000C07F2DE9F74F03690C6985
:1020E0008046A3427EDB013CA30000F1140501F110
:1020F0001407009305EB8403019357F8243055F837
:10210000242001339A42B2FBF3F607EB84092ED365
:102110004FF0000ABC46AE46D3465CF8043B98B28A
:1021200006FB00A01B0C020C06FB0323DEF80020BC
:1021300080B292B2121A5A44DEF800004FEA134AF3
:102140009BB2C3EB224303EB104392B242EA034239
:10215000E1454FEA234B4EF8042BDED2009BEB58AF
:102160002BB9019B1A1F954230D3C8F81040404646
:1021700001F0EAF9002825DB29460020013657F84E
:10218000042BD1F800C01FFA82FE1FFA8CF3A3EBD8
:102190000E030344120CC2EB234202EB1C429BB21F
:1021A00043EA0243B9454FEA224041F8043BE6D2F4
:1021B00055F8242005EB840322B9043B9D420BD340
:1021C000C8F81040304603B0BDE8F08F1368002B0C
:1021D000CBD1043A013CC6E71A68002AF0D1043B8F
:1021E000013CEBE70020EEE72DE9F04F16461F46D5
:1021F000C26999B08146CDE90E67259C82B910204D
:1022000000F01AFE0246C9F81C0020B9EF21A24BCB
:10221000A24802F049FC0023C0E901330360C36017
:10222000116859B101235268484693404A608B6057
:1022300000F0F2FE0022D9F81C301A60B7F1000855
:10224000B5BF0123002323602360954BBCBF28F05A
:102250000048CDF83C8033EA08031AD142F20F73EC
:10226000249AC8F3130858EA0608136000F06D8535
:10227000269B53B98B4B21E08B4B03930833269A53
:102280001360039819B0BDE8F08F864B03930333B6
:10229000F5E7DDE90E34CDE90A34DDE90A01002273
:1022A0000023FEF76BFB824650B10123249A136092
:1022B000269B13B17D4B269A13607D4B0393E0E779
:1022C00016AB019317AB00934846DDE90A2301F0F2
:1022D00057FA5FEA1854169D04907CD0DDE90A0194
:1022E0000B9BA4F2FF34C3F3130343F07F5343F477
:1022F0004013CDF850A0194600226E4BFDF71EFF8B
:102300005FA3D3E90023FEF7D1F85FA3D3E900234D
:10231000FDF716FF064620460F46FEF75DF85CA364
:10232000D3E90023FEF7C2F802460B463046394691
:10233000FDF706FF06460F46FEF768FB00228046C3
:10234000002330463946FEF723FB48B14046FEF7EE
:1023500043F832463B46FEF711FB08B908F1FF3857
:10236000B8F1160F54D8DDE90A01534B03EBC8034B
:10237000D3E90023FEF70CFB00284BD0002308F123
:10238000FF3811932D1B6B1E099349BF00230027B3
:10239000C5F101070993B8F1000F3DDB099BCDF8AA
:1023A00040804344099300230C93229B092B00F2A5
:1023B0008780052BC4BF043B2293229BC8BF002407
:1023C000A3F10203D8BF0124032B00F28580DFE8CC
:1023D00003F05153362B179C2C4404F23243202B2C
:1023E000C1BFC3F1400308FA03F804F2124326FA0E
:1023F00003F3D6BFC3F1200348EA030006FA03F053
:10240000FDF7DAFF0122A1F1F873013C149272E7A3
:102410000123B6E71190B5E7C8F100030C93002340
:10242000A7EB08071093C0E701230D93239B4344B8
:1024300008930133012B0593B8BF012306E0012364
:102440000D93239B002B4ADD089305930021042262
:10245000D9F81C0002F114059D4245D94160484657
:1024600000F09CFD0390002841D1024640F2AF11DC
:10247000124BCDE60023E3E70023D6E7AFF300805D
:1024800061436F63A787D23FB3C8608B288AC63F7A
:10249000FB799F501344D33F58A300086FA3000853
:1024A0000000F07F54A300084BA3000802A5000819
:1024B00001A500080000F83F40A50008C8A30008D7
:1024C000012400230D9422934FF0FF330022089340
:1024D000059323921223B9E701230D93F4E7012317
:1024E000089305932393B1E701315200B2E7D9F87D
:1024F0001C30039A1A60059B0E2B75D8002C73D0E4
:10250000B8F1000F40F3C4809F4B08F00F0203EBBB
:10251000C20318F4807F4FEA2815D3E900AB00F01E
:10252000A380DDE90A01994B0324D3E90823FEF7D0
:10253000E7F8CDE9060105F00F05944E002D40F0B7
:102540009980DDE9060152465B46FEF7D9F88246DE
:102550008B46119B002B00F0C38000225046594649
:102560008B4BFEF715FA002800F0BA80059B002B74
:1025700000F0B680089B002B36DD08F1FF33504693
:10258000594606930022834BFDF790FF82468B4607
:10259000089E01342046FDF71FFF52465B46FDF7BB
:1025A00085FF00227C4BFDF7CBFD0446A1F1507561
:1025B000CDE91245002E40F0978000225046594642
:1025C000764BFDF7BBFD22462B4682468B46FEF737
:1025D000FDF9002840F0C18222465046594605F1D7
:1025E0000043FEF7D5F920BB179B002BC0F2918169
:1025F000B8F10E0F00F38D81634B03EBC803D3E9F1
:1026000000AB239B002B80F21B81059B002B00F36A
:1026100017810ED10022614B50465946FDF746FF07
:1026200002460B46DDE90A01FEF7BCF9002800F07E
:10263000978200252C46239B039EDB430693274667
:1026400000242946484600F0E7FC002F00F0EE8009
:102650002CB1BC4203D02146484600F0DDFC39468F
:10266000484600F0D9FCE1E0DDE90A34CDE9063462
:10267000022462E7E90708D5D6E900235046594607
:10268000FDF714FF82468B4601346D10083655E77E
:1026900022D0DDE90A01C8F100053B4B05F00F022D
:1026A00003EBC203D3E90023FDF700FF02248246B7
:1026B0008B46364E2D11002D3FF44BAFEA0708D55F
:1026C000D6E9002350465946FDF7F0FE82468B4678
:1026D00001346D100836EEE70224DDE90AAB38E775
:1026E000059ECDF8188055E7274B03EBC60353E949
:1026F00002010D9B002B55D002460B4600202849B5
:10270000FDF7FEFFDDE91223FDF718FD039BCDE980
:1027100012019D191E4659465046FEF777F900F101
:102720003004FDF759FE02460B4650465946FDF768
:1027300005FDDDE9122306F8014B82468B46FEF7C4
:1027400027F9002872D152465B4600201049FDF758
:10275000F5FCDDE91223FEF71BF9002840F0BA80F2
:10276000AE423FF441AFDDE912010022094BFDF713
:102770009DFE0022CDE91201064B50465946FDF759
:1027800095FE82468B46C6E740A5000818A50008BE
:102790000000F03F0000244000001C4000001440F6
:1027A0000000E03FDDE91223FDF780FE039BCDE949
:1027B00012013344039C159359465046FEF726F9FF
:1027C00000F13005FDF708FE0B460246594650461B
:1027D000FDF7B4FC159B04F8015B9C4282468B46D6
:1027E00027D1DDE91201039B00221E44AC4BFDF70B
:1027F000A7FC02460B4650465946FEF7E7F800286C
:1028000068D1DDE912230020A549FDF797FC0246B7
:102810000B4650465946FEF7BBF800283FF4E4AE9D
:10282000334616F8012D302AFAD01E46DDF81880FE
:102830003EE000229B4BFDF739FE82468B46BBE70C
:102840000024039E974D5246DDE90A015B46FDF7E1
:1028500057FFFEF7DBF80746FDF7BEFD52465B4625
:10286000FDF724FE02460B46DDE90A01FDF766FC92
:1028700007F1300C06F801CBDDF80CC0DDF814E0F0
:10288000A6EB0C0CE64502460B4633D1FDF758FC8F
:1028900052465B4604460D46FEF798F8C0B95246CC
:1028A0005B4620462946FEF769F808B1FB070FD4BE
:1028B0004846049900F0B0FB0023249A337008F1D5
:1028C00001031360269B002B3FF4DBAC1E60D8E4B1
:1028D000CDF8188033461E4613F8012D392A06D14B
:1028E000039A9A42F7D1069A0132069230220132B7
:1028F0001A709BE722462B46FDF7D8FD02460B4691
:10290000CDE90A2300220023FEF738F800289AD0E8
:10291000CEE70D9A002A00F0DF80229A012A00F308
:10292000C380149A002A00F0B78003F233430C9D51
:102930003E46099A01211A4448461F44099200F074
:1029400069FC044656B1099B002B07DDB342A8BFC2
:102950003346099AFF1AF61AD31A09930C9B0BB344
:102960000D9B002B00F0BF80002D00F0B9802146A8
:102970002A46484600F01AFD049A01460446484695
:1029800000F05EFC04998246484600F045FB0C9B33
:102990005B1B0C9300F0AA8051460C9A484600F04D
:1029A00005FD04900121484600F034FC109B0546CB
:1029B000002B00F0D1811A460146484600F0F6FC93
:1029C000229B0546012B00F399800E9B002B40F0C3
:1029D00090800F9BC3F31303002B40F08A800F9B62
:1029E00023F000431B0D1B05002B00F085804FF0EA
:1029F000010A099B013701330993109B002B00F05A
:102A0000B1812B6905EB8303186900F0B7FBC0F1B6
:102A10002000099B184410F01F0076D01B2870DCA2
:102A2000C0F11C000744064403440993002F05DD50
:102A30003A464846049900F015FD0490099B002B86
:102A400005DD29461A46484600F00CFD0546119B57
:102A5000002B5FD02946049800F076FD002859DA53
:102A600008F1FF3306930A2200234846049900F038
:102A7000F5FA0D9B0490002B00F07681002321468F
:102A80000A22484600F0EAFA089B0446002B71DC53
:102A9000229B022B47DC6DE0169BC3F1360346E711
:102AA0000000E03F00002440059B5D1E0C9BAB42F4
:102AB00008DB5D1B059B002BBFF63AAF059BFE1A9A
:102AC000002336E70C9B109AEB1A1A440C953E46ED
:102AD0000025059B10922CE73E460C9D0D9C31E78E
:102AE000DDF810A058E70C9A049957E7CDF810A02C
:102AF00058E74FF0000A80E79A467EE74FF0000A59
:102B00007FE71C2892D0C0F120001C30099B0744AD
:102B1000064489E7059BCDF81880002B24DC089338
:102B2000229B022B22DD089B002B7FF484AD2946DB
:102B30000522089B484600F091FA01460546049894
:102B400000F002FD00287FF776AD3123039E06F8E2
:102B5000013B069B0133069371E535462C46F4E7AD
:102B6000059DCDF81880F9E7059B08930D9B002B78
:102B700000F0FE80002E05DD21463246484600F07A
:102B800071FC0446BAF1000F58D04846616800F065
:102B900005FA064628B9024640F2EF217F4BFFF7BF
:102BA00037BB226904F10C01023292000C3001F0B3
:102BB00067FF01223146484600F054FC0746039B5C
:102BC000039A03F10108089B13440A930E9B03F038
:102BD0000103099329460498FFF77EFA21460590E0
:102BE00000F1300B049800F0AFFC3A4608902946FB
:102BF000484600F0C5FCC268064608F1FF3AFAB93B
:102C00000146049800F0A0FC0246314648460C926A
:102C100000F002FA229B0C9A464642EA0301099B05
:102C200019430FD1BBF1390F28D0089B002B02DDCF
:102C3000059B03F1310B8AF800B002E52746BEE799
:102C40000122E2E7089B002B04DB22990B43099940
:102C50000B4320D1002AEEDD01220499484600F002
:102C600001FC2946049000F06FFC002803DCE2D14F
:102C70001BF0010FDFD0BBF1390FD9D139238AF80E
:102C8000003033461E4616F8012C013B392A53D03A
:102C900001321A70D5E4002A07DDBBF1390FEDD0FF
:102CA0000BF101038AF80030CBE40A9B08F801BC61
:102CB00043452BD000230A220499484600F0CEF960
:102CC000BC4204904FF000034FF00A0221464846F0
:102CD00006D100F0C3F90446074608F1010879E778
:102CE00000F0BCF93946044600230A22484600F0A9
:102CF000B5F90746F1E7089B2746002B03F1FF369D
:102D0000D8BF00260024039B5A1C164401220499B4
:102D1000484600F0A7FB2946049000F015FC002867
:102D2000AFDC02D11BF0010FABD133461E4613F8C6
:102D3000012D302AFAD084E4039A9A42A2D1069B4C
:102D400001330693312313707BE4269B002B7FF421
:102D500093AA134BFFF7B2BA229B012B7FF735AE34
:102D6000DDF840A0012054E6089B002B7FF7D8AE89
:102D7000039E29460498FFF7AFF9039B00F1300B3F
:102D800006F801BBF21A089B9342B4DD00230A2225
:102D90004846049900F062F90490EAE7C8A30008E5
:102DA0004BA3000837B5002942D051F8043C0C1F52
:102DB000002BB8BFE418019000F0E4F81D4A019818
:102DC000136833B96360146003B0BDE8304000F0AD
:102DD000DFB8A34208D9256861198B4201BF196881
:102DE0005B6849192160EDE71A465B680BB1A342A5
:102DF000FAD911685518A5420BD1246821445418FA
:102E0000A3421160E0D11C685B680C4414605360FD
:102E1000DAE702D90C230360D6E7256861198B42F3
:102E200001BF19685B684919216063605460CBE792
:102E300003B030BD50030020024B0146186800F07B
:102E400025B800BF0C00002070B50F4C0E4621685D
:102E5000054611B901F0FEFD20603146284601F01B
:102E6000F9FD431C03D14FF0FF34204670BDC41C54
:102E700024F00304A042F8D0211A284601F0EAFD0C
:102E80000130F2D1EFE700BF4C0300202DE9F843F9
:102E9000CD1C25F0030508350C2D38BF0C25002D61
:102EA000064601DBA94204D90C2333600020BDE8AB
:102EB000F883334F00F066F83B681C463CBB29465C
:102EC0003046FFF7C1FF431C044656D13C68A0467C
:102ED000B8F1000F40D1002C49D02368414630465C
:102EE00004EB030901F0B6FD814540D1216830466D
:102EF0006D1A2946FFF7A8FF013038D023682B440C
:102F000023603B685A685ABBC7F800800EE022680D
:102F1000521B1ED40B2A16D96119A342256018BF73
:102F20005960636808BF396062514B60304600F0F9
:102F30002FF804F10B00231D20F00700C21A1CBF5C
:102F40001B1AA350B3E76268A3420CBF3A605A60F1
:102F5000ECE723466468B1E74446D8F80480B7E755
:102F60001A465B68A342FBD100235360DEE70C23C3
:102F70003046336000F00CF898E70560D6E700BFF4
:102F8000500300200148FFF792B800BF480300201B
:102F90000148FFF78DB800BF4803002070B5C46931
:102FA00005460E4684B91020FFF746FF0446E86147
:102FB00028B902466B21164B164801F075FD002317
:102FC000C0E901330360C360E36853B921220421DF
:102FD000284601F087FDEB69E060DB680BB9002053
:102FE00070BD53F8260030B1026843F82620002354
:102FF000C0E90333F4E7012101FA06F4621D284613
:10300000920001F06FFD0028E9D0C0E90164EEE70D
:1030100058A30008D9A3000870B5C46906460D4638
:1030200074B91020FFF708FF0246F06120B98F2124
:10303000084B094801F038FDC0E901440460C46050
:103040003DB1F3696A68DB6853F82210296043F8E0
:10305000225070BD58A30008D9A300082DE9F04103
:1030600007460C461E4600200D6901F1140CDCF8E1
:103070000030013099B202FB01611E0C0B0C02FB07
:10308000063389B201EB034185424FEA13464CF8FF
:10309000041BECDC0EB3A368AB4219DC6168384654
:1030A0000131FFF77BFF804628B90246BA210C4B5D
:1030B0000C4801F0F9FC226904F10C010232920083
:1030C0000C3001F0DDFC21463846FFF7A5FF4446F1
:1030D00004EB850301355E6125612046BDE8F08182
:1030E000C8A30008D9A300082DE9F8431446092213
:1030F0001F460833884693FBF2F30646012200215F
:103100009A4209DB3046FFF749FF40B90246D32116
:10311000184B194801F0C8FC52000131F0E7089B38
:10312000092C43614FF00103036108DC092408F115
:103130000A05641B2B199F4212DCBDE8F88308F1D5
:103140000905A946A04419F8013B01460A22304668
:10315000303BFFF783FFC145F5D12544083DE8E743
:1031600015F8013B01460A223046303BFFF776FF57
:10317000E0E700BFC8A30008D9A300080346B0F5E4
:10318000803F3ABF030410200020B3F1807F3CBF92
:103190001B020830B3F1805F3CBF1B010430B3F168
:1031A000804F3CBF9B000230002B04DB5B0001D54D
:1031B00001307047202070470368014613F0070272
:1031C0000BD0DA0722D4980749BF5B089B0801207F
:1031D0000B605CBF02200B60704798B2A0B9102052
:1031E0001B0CDAB20AB908301B0A1A0704BF1B0904
:1031F00004309A0704BF9B080230DA0702D45B0848
:1032000006D001300B6070471046EAE70020704797
:103210002020704710B50C460121FFF7BFFE024683
:1032200028B940F24511044B044801F03DFC01234C
:103230004461036110BD00BFC8A30008D9A3000802
:103240002DE9F04FD1F81080D2F810900E46C84505
:10325000144685B004DB4B460C46C14616469846DC
:10326000A368616809EB0807BB42B8BF0131FFF7EB
:1032700095FE30B902464FF4B1714A4B4A4801F00D
:1032800013FC00F114052B46002205EB870B5B4570
:1032900022D306F1140101EB880304F1140C0CEBAA
:1032A000890C029304F1150363458CBF00230123AD
:1032B0000093ACEB0403153B9B080193029B039125
:1032C0008B420CD8002F03DD5BF8043D002B67D048
:1032D000076105B0BDE8F08F43F8042BD7E7B1F8DC
:1032E00000A0BAF1000F28D0A9464FF0000E04F15B
:1032F000140858F8042BD9F8003096B29BB20AFB98
:103300000633D9F80060120C360C0AFB02667344CF
:1033100006EB13469BB243EA0643C4454FEA164EFA
:1033200049F8043BE5D8009A019B002A4FEA830341
:1033300008BF00232B44C3F804E0039B0431B3F817
:1033400002E0BEF1000F29D02B68A94698464FF045
:10335000000A04F1140632889BB20EFB02A202EBB3
:10336000184243EA024349F8043B56F8043BD9F8B3
:1033700000804FEA134A1FFA88F30EFB0A33B44564
:1033800003EB12434FEA134AE5D8009E019A002E40
:103390004FEA820208BF00222A44536004358DE7B9
:1033A000013F8FE7C8A30008D9A300082DE9F8431F
:1033B000174612F0030280460D4607D0264C013A0C
:1033C000002354F82220FFF749FE0546BF103FD0E6
:1033D000D8F81C4094B91020FFF72EFD0446C8F819
:1033E0001C0030B9024640F2B3111C4B1C4801F0DE
:1033F0005BFB0023C0E901330360C360A66846B9E4
:1034000040F271214046FFF705FF00230646A06009
:1034100003602C464FF0000907F001037F1053B101
:10342000294632464046FFF70BFF214605464046F7
:10343000FFF7F2FD67B1306838B932463146404691
:10344000FFF7FEFE3060C0F8009006462C46E3E72A
:103450002846BDE8F88300BF08A5000858A3000867
:10346000D9A300082DE9F84F0C4607469146266976
:10347000496806EB6216A3684FEA621A06F1010872
:1034800043450BDB3846FFF789FD054648B9024640
:103490004FF4EF712A4B2B4801F006FB01315B0022
:1034A000EEE7002300F114010A461846534539DBC4
:1034B00020692AEAEA7A01EB8A0104F1140319F07F
:1034C0001F098C4603EB800030D04FF0000EC9F18D
:1034D000200AE3461A680CF1040C02FA09F242EAE7
:1034E0000E02CBF8002053F8042B984222FA0AFE71
:1034F000EFD8031B153B23F0030304F115029042A0
:1035000038BF00231944C1F804E0BEF1000F00D118
:10351000B04638462146C5F81080FFF77DFD2846A5
:10352000BDE8F88F42F8040B0133BFE753F8041BE2
:103530000CF1040C98424CF8041CF7D8E8E700BFE3
:10354000C8A30008D9A3000803690A6930B59B1A0B
:103550000ED11430143100EB820401EB820154F8D7
:10356000045D51F8042D954204D006D24FF0FF338C
:10357000184630BDA042F2D3FAE70123F8E7000075
:103580002DE9F74F8A460646114650461446FFF786
:10359000DBFF051E12D129463046FFF7FFFC02462D
:1035A00028B940F23721404B404801F07DFA012311
:1035B000C0E90435104603B0BDE8F08FBCBF5346E8
:1035C000A2463046DAF80410BABF1C460125002591
:1035D000FFF7E4FC024618B940F24521324BE3E71D
:1035E000C56000F11405AB464FF0000CDAF810701E
:1035F00026690AF1140904F1140E0AF1100309EB0B
:1036000087080EEB86060193019B5EF8040B53F8C6
:1036100004AF81B201931FFA8AF35B1A000C634472
:10362000C0EB1A4000EB23409BB243EA00437645CF
:103630004FEA204C4BF8043BE6D8331B153B1534BE
:1036400023F00303A64238BF0023E8184B441C1D97
:1036500026460430A5EB090546450ED308F10301C3
:10366000091B21F003010133984538BF00210144B3
:1036700051F8043DB3B117619CE7E24606EB050E35
:1036800056F8041B1FFA81FCD4444FEA11495144F7
:1036900009EB2C4989B241EA09414FEA294CCEF89D
:1036A0000010D9E7013FE3E7C8A30008D9A3000849
:1036B0000E4B0B40A3F15073002B08DC5B42B3F1BF
:1036C000A07F4FEA235204DA4FF400231341002273
:1036D00008E0A2F114031E2BD6BF4FF000420122D6
:1036E000DA40002319461046704700BF0000F07F03
:1036F000F8B5056900F1140606EB850555F8044C8C
:103700002F1F2046FFF73AFDC0F120030A280B6067
:1037100015DCC0F10B0C24FA0CF1BE4241F07F53D2
:103720002CBF002155F8081C153004FA00F021FACE
:103730000CF143F44013014308461946F8BDBE425C
:103740002EBF002155F8081CA5F108070B3812D030
:10375000C0F1200521FA05F384401C43B74244F030
:103760007F5394BF002457F8044C8140EC4043F44D
:1037700040132143E0E744F07F5343F44013DBE779
:103780002DE97343012190469946089EFFF706FCF8
:10379000054630B9024640F20F31234B234801F071
:1037A00083F9C9F30A54C9F313030CB143F480132A
:1037B0000193B8F1000324D068460093FFF7FCFCA6
:1037C0000099E0B1019AC0F1200302FA03F30B4320
:1037D000C2406B610192019B002B0CBF01220222AF
:1037E000AB612A61ACB1A4F2334404443460C0F14B
:1037F0003500099B1860284602B0BDE870836961F6
:10380000E9E701A8FFF7D8FC019B01226B6120309A
:10381000E7E7A0F2324005EB820330601869FFF75A
:10382000ADFCC0EB4210E4E7C8A30008D9A3000830
:103830002DE9F34D0A4669468046FFF759FF8B464E
:1038400006460F46104601A9FFF752FF0D46D8F86D
:1038500010301269A3EB020CDDE900329B1A03EB76
:103860004C13002BD6BFC3EB033307EB035B01EB19
:10387000035502462B4630465946FCF741FF02B03D
:10388000BDE8F08D013970B549111469013102F1BB
:10389000140300EB810103EB8404051FA3420CD346
:1038A000A31A113B23F003031132944238BF0023C3
:1038B00018440023884205D370BD53F8046B45F8C3
:1038C000046FEBE740F8043BF4E700F114020069F1
:1038D0004B11984210B511DB0ADD11F01F0107D022
:1038E00052F8234024FA01F000FA01F18C420BD186
:1038F00002EB8303934203D8002010BD0346F7E791
:1039000053F8041D0029F5D00120F6E72DE9F04118
:103910000F469046FFF7CCFE04460D46B8F1000F67
:1039200011D0C7F30A53C3F16B03002B0BDD002446
:103930001B0503F17F5505F5401522462B46FCF784
:10394000B5FD04460D4620462946BDE8F08100003D
:103950002DE9F04F9DB0159200220E464FF0000861
:103960004FF000090490189217910A780D462B2AFF
:1039700001F101011CD00AD80D2A05D8082AF3D874
:1039800072B100230B9380E0202AEDD0F9E72D2AB5
:1039900010D10122691C17910B926A78002A35D147
:1039A000159B1796002B40F09085404649462AE02B
:1039B0000022EFE700210B91302A40F09B806A78CB
:1039C00002F0DF02582A58D102930B9B874A0193D9
:1039D00018AB0093049819AB17A901F0FDF810F08B
:1039E0000F04064605D0062C12D100230135179589
:1039F0000B93159B002B40F06A850B9B002BD4D0BA
:103A0000404609F100411DB0BDE8F08F0D46D3E7F7
:103A1000189A3AB135211AA8FFF734FF189904987B
:103A2000FFF7FAFA013C042C06D8DFE804F014038F
:103A30001E211400DDE91A89F10548BF49F000494B
:103A400029F000431B0D1B05002BD2D101F012F809
:103A500022230360CDE7199ADDE91A8302F233428B
:103A600023F4801343EA0259E6E7DFF88491E3E7A1
:103A70006FF000494FF0FF38DEE7013517952B78DE
:103A8000302BFAD0002BB4D001234FF0000A07935B
:103A90002846D3460A23CDF838A00478A4F1300292
:103AA000092A29D90122534900F0C1FF002836D044
:103AB0000020224601465C460690652A01D0452A30
:103AC00016D124B9079B03433FF46AAF0024179E25
:103AD000731C179372782B2A7FD02D2A00F08380D5
:103AE0004FF0000CA2F13003092B40F289801796A9
:103AF0000023A7E00023C8E7BBF1080FD6BF0E9A4A
:103B000003FB0A4203FB024200F10100DABF303A34
:103B10000E92A2F1300A0BF1010B1790BDE7179B33
:103B20005A1C17925A78BBF1000F3BD05C460690A6
:103B3000A2F13003092B11D90121BEE7179B0130F7
:103B40005A1C17925A78302AF8D0A2F13103082B68
:103B500000F2C284069000200446179D303A00F11E
:103B6000010319D0A4464FF00A0E06990594194492
:103B700006910CF10107391B8B4215DC059920EAEF
:103B8000E07001440134082904441CDC0A230E9926
:103B900003FB01230E930023179A1846511C17911B
:103BA0005278C5E75846CEE7BCF1080F05DC0E9900
:103BB0000EFB01F10E91BC46DBE70AFB0EFC102F59
:103BC000D8BFE246F7E70F29DCBF0A2303FB0A2A26
:103BD000E1E700230121069374E74FF0000CB31CCA
:103BE0001793B2787EE74FF0010CF8E71CA60008A7
:103BF0000000F07F33A40008179B5A1C17925A78D4
:103C0000302AF9D0A2F13103082B3FF671AF179B90
:103C1000A2F1300E0593013317931A78A2F1300701
:103C2000092F3BD9059FDB1B082B44F61F633BDCA8
:103C30009E457746A8BF1F460597BCF1000F02D0EE
:103C4000059B5B420593002C4FD1079B03437FF4F8
:103C5000D0AE00297FF4A4AE692A29D026DC492AF7
:103C600026D04E2A7FF49CAE9C4917A801F0D2F9C9
:103C700000283FF495AE179B1B78282B2FD198492D
:103C80001AAA17A801F0DBF9052828D11B9BDDF83B
:103C9000688043F0FF4949F4E009AAE60A2707FBD8
:103CA0000E27A7F1300EB6E70593C6E76E2AD9E7CF
:103CB0008C4917A801F0AEF900283FF471AE179BAC
:103CC0008949013B17A8179301F0A4F910B9179B74
:103CD000013317934FF00008DFF8109289E684480B
:103CE00000F0DCFE8046894683E6DDE90532BBF163
:103CF000000F08BFA3469B1A102C0E9826460A9365
:103D0000A8BF1026FCF758FB092C8046894611DC19
:103D10000A9B002B3FF46DAE0A9B6DDD162B54DC25
:103D20007449424601EBC3014B46D1E90001FCF75F
:103D3000BDFBD7E76F4B03EBC60353E91223FCF738
:103D4000B5FB804650468946FCF736FB02460B46DB
:103D500040464946FCF7F4F90F2C80468946D7DDEA
:103D60000A9BA4EB060A9A44BAF1000F40F3928032
:103D70002AF00F061AF00F0A4DD1B6F59A7F5ADCD9
:103D8000404600274946DFF870913611012E76D162
:103D9000A1F154795849024601EBC7014B46D1E9DC
:103DA0000001FCF783FB514B0A460B405349804608
:103DB0008B4240D8A1F580118B4286BF4FF0FF386F
:103DC000DFF83C9102F1547932E00A9AC4F12503FC
:103DD0009342C5DB474DC4F10F0405EBC4014246D5
:103DE000D1E900014B46FCF761FB0A9B1C1B05EB6C
:103DF000C405D5E900239AE71633B1DBDDE90523D5
:103E00009A1A3C4B404603EBC2034946D3E90023D0
:103E1000FCF776FC66E73749424601EBCA014B46A0
:103E2000D1E90001FCF742FB80468946002EA4D16F
:103E3000002307939AE0002405940E94069422230D
:103E40004FF00008049ADFF8A49013600E9B002B3B
:103E50003FF4CFAD18990498FFF7DEF8069904985F
:103E6000FFF7DAF8DDE90401FFF7D6F80E990498B8
:103E7000FFF7D2F821460498FFF7CEF8B9E5F2072C
:103E800003D5D9E90023FCF711FB0137761009F1BE
:103E900008097BE7CCD0CAF1000A4FEA2A161AF0CB
:103EA0000F0A0DD11F2E2DDD002405940E940694CB
:103EB0002223049A4FF000084FF000091360C5E771
:103EC0000C4B404603EBCA034946D3E90023FCF7F9
:103ED00017FC80468946002EAAD0E3E721A30008FC
:103EE00008A6000819A300084EA300080000F07FF0
:103EF00089A4000840A5000818A500080000A07CBF
:103F0000FFFFEF7F16F0100318BF6A2340464946B3
:103F1000764F0793F30703D5D7E90023FCF7C6FADA
:103F2000761007F10807F5D1079B80468946ABB1AB
:103F3000C1F30A52C2F16B03002B0F460EDD1F2B9B
:103F400057DD342BD8BF4FF0FF33B046CFBF4FF013
:103F50005C79C2F14B02934003EA0109002200237D
:103F600040464946FCF70AFD00289DD10E9B5A4663
:103F70000093294623460498FFF7B6F80E900028D0
:103F80003FF459AFDDE905239B1A0A9A0024002A61
:103F9000A8BF0023129322EAE273149305940E9BA8
:103FA00004985968FEF7FAFF069000283FF447AFDF
:103FB0000E9B0C301A6903F10C010232920000F0E2
:103FC0005FFD1AAB019319AB009342464B46049830
:103FD000CDE90C89FFF7D4FB189000283FF42FAFF0
:103FE00001210498FFF716F90346059040B905939F
:103FF00025E74FF0FF3202FA03F303EA0008ADE7CA
:10400000199D079A002DABBF129B149BEF185E1BE6
:104010001A9BA5EB02051D44354A05F1FF35ACBFDF
:10402000149E129F9542C3F1360352DA3149521B56
:104030008D42A3EB02034FF001013EDB4FF0000B7A
:1040400001FA02FAFD181E44079BAF421E443B468C
:10405000A8BF2B46B342A8BF3346002BC2BFED1A00
:10406000F61AFF1A129B002B18DDDDE904011A462F
:10407000FFF79CF9034605900028B8D00146189A2E
:104080000498FFF7DDF8034600283FF4D8AE1899EE
:1040900004980F93FEF7C0FF0F9B1893002D1BDCB5
:1040A0000A9B002B28DD149A06990498FFF77EF9E5
:1040B0000346069000BB0693C1E6C5F17F4505F5B2
:1040C0007F0505F57B45E23501FA05FB4FF0010A56
:1040D000B8E74FF0000BF9E72A4618990498FFF764
:1040E000C1F918900028DBD1A9E600BF30A600086E
:1040F00002FCFFFFE3FBFFFF002E08DD32460699BE
:104100000498FFF7AFF9034606900028D3D0002F9C
:1041100008DDDDE904013A46FFF7A4F9059000281F
:104120003FF48DAE069A18990498FFF729FA0446D1
:1041300000283FF484AEC36805990F930023C36041
:10414000FFF702FA00283CDA0F9B53EA08035FD11D
:10415000C9F313034D46002B5AD129F000431B0D20
:104160001B05B3F1D66F53D9636913B92369012BCA
:104170004EDD214601220498FFF774F905990446A3
:10418000FFF7E2F9002843DDA74B079A2B40002AEE
:1041900060D0B3F1D66F5DD8B3F15C7F7FF688AEA7
:1041A00040464946A14B0022FCF780F99E4B8046D1
:1041B0000B408946002B7FF44DAE2223049A1360F6
:1041C00048E64D4663D10F9AC9F313034AB3984AA0
:1041D000934229D1079B4146F3B1934B4FF0FF32F5
:1041E00009EA0303B3F1D46F19D81B0DC3F16B03B4
:1041F00002FA03F3994217D18E4B9D4202D101314D
:104200003FF41DAE4FF00008874B2B4003F580199B
:10421000079B002BC4D11DE64FF0FF33EAE713469E
:10422000E8E753EA0803AFD0BBF1000F1BD01BEA4D
:10423000050FEDD00F9B40464946079AB3B1FFF7F3
:1042400065FB02460B46DDE90C01FBF779FF804672
:104250008946DDE7A3F580136FEA13594FF0FF3865
:104260006FEA0959D4E71AEA080FE2E7FFF74EFBB5
:1042700002460B46DDE90C01FBF760FF002200233C
:1042800080468946FCF77AFB0028C1D010E620461C
:104290000599FFF7CDFA00224FF0804306460F46FE
:1042A000FCF780FB00286ED00F9B002B79D1B8F172
:1042B000000F54D1C9F31303002B56D1002230460E
:1042C00039465D4BFCF764FB002857D1002230468D
:1042D00039465A4BFCF7EAF882468B460BF100430D
:1042E000CDF820A00993504B4F4A2B401393544BC9
:1042F0002A409A42DDE9086740F0A880A5F1547988
:1043000040464946FFF7D4F9DDE90823FCF7CEF82B
:1043100042464B46FBF714FF434D4A4A0D40954237
:10432000804645D90D9A434B9A4203D10C9B0133E9
:104330003FF485AD4FF0FF38DFF8F89018990498F6
:10434000FEF76AFE06990498FEF766FEDDE90401B1
:10435000FEF762FE21460498FEF75EFE1FE6B8F106
:10436000010F02D1002D3FF4A3AD0022364B4FF0D8
:10437000000ACDE90823DFF8C0B0B4E74FF0000A27
:10438000DFF8B8B0AAE72D4B002230463946FCF7DB
:104390008DF80F9B82468B46002B9FD0CDE908AB52
:1043A000A1E70022244B92469B46CDE908239AE7D9
:1043B00001F15479079B002BC0D1139A29F00043D7
:1043C0001B0DB2EB035FB9D15046594605F090FA88
:1043D000FCF73EF802460B4650465946FBF7AEFE48
:1043E0000F9AC9F3130343EA0803134306460F4623
:1043F00065D009A3D3E90023FCF7CAFA00287FF4AB
:1044000029AD07A3D3E9002330463946FCF7DEFA8D
:10441000002893D01EE500BF9535A094FFFFDF3F35
:1044200035E5AF350000E03F0000F07F0000503977
:10443000FFFF0F00FFFFEF7F0000F03F0000E03FB5
:104440000000E07FFFFF9F7C0000F0BF079B13B3DD
:10445000139BB3F1D46F1ED825A3D3E90023504694
:104460005946FCF79FFA90B159465046FCF7F6FAC8
:10447000012838BF0120FBF79FFF0F9B82468B4628
:10448000D3B901F1004310901193DDE91067139A3D
:1044900007F1D6639F1ADDE90C01FFF709F902461F
:1044A0000B4630463946FCF701F8DDE90C23FBF7F3
:1044B00047FE804689467DE7CDE910ABE5E70EA3D0
:1044C000D3E90023FCF764FAA2E700230B93179BC0
:1044D000159A1360FFF791BA652A3FF47AAB452A23
:1044E0003FF477AB0121FFF7B0BB00BFAFF3008013
:1044F0000000C0FFFFFFDF419535A094FFFFCF3FD5
:10450000014BFFF725BA00BF5C000020242B2DE9EA
:10451000F047884601D8012B06D100F0ABFA1623EC
:1045200003600020BDE8F0870D46344E294615F89B
:10453000014B375D17F00807F8D12D2C10D101275A
:104540002C788D1C33F0100115D1302C0DD1297829
:1045500001F0DF01582908D16C78023510230AE0F8
:104560002B2C04BF2C788D1CECE7002BF6D1302CC3
:1045700014BF0A230823002107F1004E0EF1FF3E6D
:10458000BEFBF3F90E4603FB19EAA4F1300CBCF1B3
:10459000090F10D86446A3421EDDB1F1FF3F07D0DA
:1045A000B14516D301D1A24513DB012106FB034619
:1045B00015F8014BE9E7A4F1410CBCF1190F01D842
:1045C000373CE8E7A4F1610CBCF1190F04D8573C63
:1045D000E1E74FF0FF31EBE74B1C05D12223764694
:1045E000036032B930469DE707B17642002AF9D020
:1045F00009B105F1FF38C2F80080F3E759A60008B9
:10460000FFF784BF2DE9F0471F468E688246BE4201
:104610000C469046334653D8B1F90C0010F4906F15
:104620002BD065692368096905EB4505A3EB0109F2
:1046300005EBD5757B1C6D104B44AB422A4684BFFD
:104640001D462A46430527D511465046FEF71EFC57
:10465000064658B34A46216900F012FAA38923F4AA
:10466000906343F08003A38126614E4426603B465D
:104670003E466561A5EB0905A5601F463A464146E1
:10468000206800F0BBF90020A3689B1BA36023688F
:104690003B442360BDE8F087504600F07EFD0646AF
:1046A0000028E1D150462169FEF77CFB0C23CAF8B3
:1046B0000030A3894FF0FF3043F04003A381E9E7C6
:1046C0003E46DBE72DE9F0471F468B8906461B0671
:1046D0000D4614469CB010D50B6973B94021FEF706
:1046E000D5FB2860286130B90C2333604FF0FF30D0
:1046F0001CB0BDE8F08740236B61002309932023A1
:104700008DF8293030234FF001080397644F8DF85E
:104710002A3023461A7899461AB1252A03F1010353
:10472000F8D1B9EB040A0BD053462246294630464D
:10473000FFF768FF013000F0A380099A5244099204
:1047400099F80030002B00F09B8000224FF0FF33DF
:10475000CDE9053209F10109049207928DF8532041
:104760001A924C46052214F8011B4D48FDF7A1FC96
:10477000049AD0B9D00644BF20238DF853301107D6
:1047800044BF2B238DF8533099F800302A2B13D0D7
:104790004B4600204FF00A0C07991A781C46303A15
:1047A000092A4AD9A8B1079113E0C01B08FA00F002
:1047B0001043A1460490D4E7039B191D1B68039185
:1047C000002BBBBF5B4242F0020207930793B8BFC6
:1047D000049223782E2B0AD163782A2B32D1039BA3
:1047E00002341A1D1B68039243EAE3730593DFF852
:1047F000B490032248462178FDF75BFC38B1402293
:10480000049BA0EB090082401343013404932178F8
:10481000062225488DF82810FDF74BFC002835D0DE
:10482000224818BB039B073323F007030833039385
:10483000099B0134034409936BE701200CFB012120
:104840000133AAE700234FF00A0C18460593611CB8
:104850000A780C46303A092A03D9002BC7D00590B4
:10486000C5E701230CFB00200131F1E703AB009306
:104870002A4630460E4B04A9FCF7A2FC421CD7D1B5
:10488000AB895B063FF532AF099831E703AB009384
:104890002A463046064B04A9FCF732FFEEE700BF7C
:1048A00035A400083BA400083FA40008C11100087B
:1048B00005460008B1F90C20F8B5160705460C4668
:1048C00051D44B68002B02DC0B6C002B49DDE66AEF
:1048D000002E46D0002312F480522F682B6031D076
:1048E000626DA389590705D56368D21A636B0BB152
:1048F000236CD21A00232846E66A216AB047421C7C
:10490000B4F90C3006D129681D2944D8264ACA407A
:10491000D60740D5002262602269D904226004D5FE
:10492000421C01D12B6803B96065616B2F60C1B176
:1049300004F14403994202D02846FEF733FA0023DB
:1049400063630EE001232846216AB0470246501CEB
:10495000C7D12B68002BC4D01D2B01D0162B19D129
:104960002F6000201CE00F69002FFAD0930718BFBA
:1049700000230E6808BF4B69F61B0F608B60002E8A
:10498000EFDD33463A462846216AD4F828C0E0478E
:10499000002806DCA3894FF0FF3043F04003A381D9
:1049A000F8BD0744361AEAE70100402038B50B6924
:1049B00005460C4613B91D46284638BD18B1036A92
:1049C0000BB9FDF75FFAB4F90C30002BF3D0626E2F
:1049D000D00704D4990502D4A06DFDF768FB2846E2
:1049E0002146FFF767FF636E0546DA07E4D4A38923
:1049F0009B05E1D4A06DFDF75BFBDDE7884210B5B8
:104A000001EB020402D98442234607D8431EA14287
:104A100007D011F8012B03F8012FF8E70244824276
:104A200000D110BD13F8011D02F8011DF7E710B504
:104A30006AB101398418027811F8013F9A4204D111
:104A40000130A04201D0002AF5D1D01A10BD104685
:104A5000FCE7000038B50023054C054608462360F6
:104A600001F086F9431C02D1236803B12B6038BDE5
:104A700044030020014B1868704700BF0C00002061
:104A80000A44914200F1FF3300D1704710B511F88C
:104A9000014B914203F8014FF9D110BD00200149AB
:104AA000704700BF0000F87F1FB51D46094B064642
:104AB0001B68D86852B1084C3346CDE901420091D9
:104AC0002A46064900F0A4FB00F0B4FB044C224641
:104AD000F2E700BF0C0000204EA400085BA4000811
:104AE00089A4000870B5A1FB026535B93146FEF70F
:104AF000CDF9044628B9204670BD0C23002403607C
:104B0000F9E732462946FDF75BFAF4E703692DE938
:104B1000F043B3EB611F00F114044FEA611244DD6E
:104B200011F01F0104EB830C04EB82050CD1294624
:104B300000F11006614533D39B1A9B00033DAC4541
:104B400038BF0023234414E0A14654F82260C1F189
:104B50002008CE4005F1040EF44516D89A1A9200AA
:104B6000043A0135AC4538BF0022A318A65006B15F
:104B70000433A342A3EB040208BF00234FEAA202BE
:104B8000026108BF4361BDE8F083DEF8007007FAF8
:104B900008F7374349F8047B5EF8046BCE40DBE747
:104BA00051F8047B46F8047FC4E72346E1E7A0F10F
:104BB0003003092B02D82038C0B27047A0F161033E
:104BC000052B01D84738F7E7A0F14103052B01D8A1
:104BD0002738F1E7002070472DE9F04F0F46914646
:104BE00085B002930B6801909C1C2078A046302869
:104BF00004F10104F9D0A8EB0303A3F1020BFFF7C2
:104C0000D6FF8246002838D1012240469E49FFF750
:104C10000EFF0546002863D198F801002646FFF7ED
:104C2000C6FF00285ED02078A046302804F1010499
:104C3000F9D0FFF7BCFFB0FA80F435464FF0010B16
:104C40006409C246564630780AF1010AFFF7AFFF01
:104C50000028F7D1012230468B49FFF7E8FE78B9EA
:104C600045B95546564630780AF1010AFFF79FFFCD
:104C70000028F7D1AD1BAD0004E000242546E0E795
:104C8000002DF7D1337803F0DF03502B37D1737841
:104C90002B2B29D02D2B2BD04FF0000A711C08781C
:104CA000FFF785FF431EDBB2182B28D8A0F11002B6
:104CB00011F8010FFFF77BFF431EDBB2182B1AD947
:104CC000BAF1000F00D0524215443960CCB1BBF1AB
:104CD000000F0CBF06270027384605B0BDE8F08F4F
:104CE000464655460124CDE74FF0000AB11CD6E7F1
:104CF0004FF0010AFAE70A2303FB0200D6E7314628
:104D0000E3E72146A6EB0803013B072B0ADC0198E9
:104D1000FEF744F9044640B90246E4215B4B5C4887
:104D2000FFF7C2FE01315B10EFE7002300F1140A28
:104D300057469B46B04537D347F804BBA7EB0A0755
:104D4000BB1058462361FEF719FAD9F80060C0EB92
:104D5000C707B74254DDBF1B39462046FEF7B5FDF5
:104D6000804678B14FF001087B1E59115AF8211086
:104D700003F01F0208FA02F20A4203D0434536DC70
:104D80004FF0020839462046FFF7C0FE3D44D9F8EF
:104D90000830AB4242DA21460198FEF73DF9002384
:104DA0000E9AA327136097E716F8012D2E2A12D02A
:104DB000202B04D147F804BB4FF0000B5B46307842
:104DC0000393FFF7F4FE039B00F00F0098404BEABB
:104DD000000B0433AEE7B045EAD8012230462A4939
:104DE0000393FFF724FE039B0028E1D1A2E72046AE
:104DF000B91EFEF76AFD0028C2D04FF00308C1E7D4
:104E000009DAF71B21463A460198FEF72BFB0446C8
:104E1000ED1B00F1140A4FF00008B8E7D9F8043090
:104E2000AB426FDD5D1BAE4234DCD9F80C30022B97
:104E300022D0032B24D0012B15D1AE4213D1012E49
:104E40000BD1D9F80430029A622713600123236141
:104E5000CAF800300E9B1C603EE72046711EFEF72C
:104E600034FD0028EDD121460198FEF7D5F8002346
:104E70000E9A502713602FE70F9B002BF3D1E0E72A
:104E80000F9B002BDDD1EEE733A40008C8A3000878
:104E90008AA400086F1EB8F1000F30D127B139463F
:104EA0002046FEF712FD804601237A1107F01F0706
:104EB000BB4002275AF8222029461342204618BF39
:104EC00048F00208761BFFF721FED9F80450B8F12C
:104ED000000F42D0D9F80C30022B15D0032B17D07D
:104EE000012B09D118F0020F06D0DAF8003048EA99
:104EF000030818F0010F0ED147F010072DE04FF016
:104F00000108D1E70127E2E70F9BC3F101030F93EB
:104F10000F9B002BF0D00020D4F810A004F1140354
:104F200003EB8A011A68B2F1FF3F1BD001321A600D
:104F3000022F04F114033CD1D9F80020013AB24207
:104F400009D10122711153F8213006F01F0602FA2F
:104F500006F61E423AD147F020070E9B1C60029BCA
:104F60001D60B9E643F8040B9942DBD8A3689A4563
:104F700017DB616801980131FEF710F8804618B917
:104F800002468421194BCAE6226904F10C0102325F
:104F900092000C30FFF774FD21460198FEF73CF8B3
:104FA000444623695A1C2261012204EB83035A619F
:104FB000BEE7226952450BDD01212046FFF7A6FD21
:104FC000D9F808300135AB42FFF6E5AE0127C2E75C
:104FD00016F01F06FAD003EB8A0353F8040CFEF711
:104FE000CDF8C6F12006B042E6DBEFE7C8A3000823
:104FF000C2F10802920070B5C2F12006436804684D
:1050000003FA06F52C43D340046040F8043F88427D
:10501000F4D370BD30B503680139013311F8014F85
:1050200014B90360012030BD13F8012BA2F1410532
:10503000192D98BF2032A242F0D00020F3E72DE9CD
:10504000F04F00250B6890465E1102EB860613F0C8
:105050001F0318BF0436371FB9463C46AB46AA4665
:1050600087B002900193029B46F8045C19684A7865
:105070004B1C039332B3104605910492FFF797FD42
:10508000002851D1049A0599202A16D8DA4512DD54
:105090004C4506D2072D04DC2A4649462046FFF738
:1050A000A7FF444553D90023A4F1040944F8043C64
:1050B000D3464C461D460399D9E7292A59D1029B6C
:1050C00002311960BAF1000F53D04C4506D2072DBA
:1050D00004DC2A4649462046FFF78AFF444538D972
:1050E0002346A8F1040253F8041B9F4242F8041F10
:1050F000F9D23B1B23F003030134033EB44288BFC3
:105100000023002108F1040213441A4604339F428D
:105110001160FAD23B681BB9474528D101233B6097
:10512000052007B0BDE8F08F0135082D0AF1010A0E
:1051300006DD4445BFD90023012544F8043C043C66
:10514000226800F00F0040EA02102060B3E7082553
:10515000B1E7019B002BDDD04FF0FF32C3F12003FC
:10516000DA4056F8043C134046F8043CD2E7043FCA
:10517000D0E70420D5E782B001B901A942B14BB113
:1051800013780B601278101E18BF012002B0704710
:105190001046FBE76FF00100F8E72DE9F041074604
:1051A00015460C4621B91146BDE8F041FDF76EBE2B
:1051B0002AB9FDF7F7FD2C462046BDE8F08100F046
:1051C00040F88542064602D8B5EB500FF4D8294680
:1051D0003846FDF75BFE804608B94446ECE7B54229
:1051E0002A46214628BF3246FFF74AFC2146384668
:1051F000FDF7D8FDF1E749B1FF2A8BBF8A230120D3
:1052000003600A7088BF4FF0FF3070470846704750
:105210000EB403B5014603AB054853F8042B0068F0
:10522000019300F03DF802B05DF804EB03B0704765
:105230000C000020062008B500F000FA012000F064
:1052400067FD51F8043C181F002BBCBF0B58C01859
:105250007047936810B4013B002B936007DA9469A0
:10526000A34201DB0A2902D110BC00F02DB913685A
:10527000581C10601970084610BC7047F8B50646F7
:105280000F461446D518AC4201D1002007E03A463B
:10529000304614F8011BFFF7DCFF431CF3D1F8BDC7
:1052A0002DE9F04706460D4614461F469CB018B13E
:1052B000036A0BB9FCF7E6FD6B6ED90705D4AB8921
:1052C0009A0502D4A86DFCF7F2FEAB891B0701D545
:1052D0002B699BB92946304600F034F970B16B6EEA
:1052E000DE0704D54FF0FF301CB0BDE8F087AB8976
:1052F0009C05F7D4A86DFCF7DBFEF3E700230993C8
:1053000020238DF8293030234FF001080397694F8F
:105310008DF82A3023461A7899461AB1252A03F1C6
:105320000103F8D1B9EB040A0BD0534622462946B3
:105330003046FFF7A3FF013000F0A380099A5244E2
:10534000099299F80030002B00F09B8000224FF06A
:10535000FF33CDE9053209F10109049207928DF876
:1053600053201A924C46052214F8011B5148FCF7B1
:10537000A0FE049AD0B9D00644BF20238DF8533044
:10538000110744BF2B238DF8533099F800302A2B96
:1053900013D04B4600204FF00A0C07991A781C4690
:1053A000303A092A4AD9A8B1079113E0C01B08FA7C
:1053B00000F01043A1460490D4E7039B191D1B681D
:1053C0000391002BBBBF5B4242F00202079307939D
:1053D000B8BF049223782E2B0AD163782A2B32D1BE
:1053E000039B02341A1D1B68039243EAE37305937F
:1053F000DFF8C490032248462178FCF75AFE38B102
:105400004022049BA0EB0900824013430134049323
:105410002178062229488DF82810FCF74AFE00283A
:105420003ED0274818BB039B073323F007030833FC
:105430000393099B0134034409936BE701200CFBA0
:1054400001210133AAE700234FF00A0C1846059307
:10545000611C0A780C46303A092A03D9002BC7D0C0
:105460000590C5E701230CFB00200131F1E703ABF8
:1054700000932A463046134B04A9FBF7A1FE431CB8
:10548000D7D16B6ED90705D4AB899A0502D4A86D24
:10549000FCF70EFEAB895B063FF524AF099823E7C6
:1054A00003AB00932A463046064B04A9FCF728F9C3
:1054B000E5E700BF35A400083BA400083FA40008AE
:1054C000C11100087D520008F8B505460F46144684
:1054D00018B1036A0BB9FCF7D5FCA369A360A389D3
:1054E0001A0701D5236943B92146284600F02AF856
:1054F00018B14FF0FF363046F8BD23692068C01A56
:105500006369834205DC21462846FFF74FFA0028ED
:10551000EFD1A3680130013BA3602368FEB25A1C9F
:1055200022601F706369834204D0A389DB07E2D540
:105530000A2EE0D121462846FFF738FA0028DAD0B3
:10554000D7E7000038B5284B054618680C4618B157
:10555000036A0BB9FCF796FCB4F90C30190720D498
:10556000DA0607D409222A6043F040034FF0FF30E7
:10557000A38131E0580711D5616B41B104F14403B7
:10558000994202D02846FDF70DFC002363630022F8
:10559000A3896260226923F02403226043F0080398
:1055A000A38123694BB9A38903F42073B3F5007F6A
:1055B00003D02146284600F081F8B4F90C3013F0EE
:1055C00001020AD00022A26062695242A2612269ED
:1055D00042B913F08000C7D138BD990758BF62693E
:1055E000A260F4E70020F7E70C0000201F2938B57F
:1055F00005460C4604D9162303604FF0FF3038BD32
:10560000C26B12B152F821304BB9284600F030F885
:10561000224601462846BDE8384000F017B8012B65
:105620000AD0591C03D1162303600120E7E70021AB
:10563000204642F8241098470020E0E7024B01463C
:105640001868FFF7D3BF00BF0C00002038B5002357
:10565000064C054608461146236000F051FB431CEA
:1056600002D1236803B12B6038BD00BF4403002082
:1056700000F044BB70B50E46B1F90E101446002977
:105680001D4696B00ADAB28912F0800213D14FF4A7
:10569000806100202A60216016B070BD6A4600F06B
:1056A00047F80028EFDB019A02F47042A2F500539C
:1056B0005A425A41EBE700224021EAE78B8973B551
:1056C0009E0705460C4607D504F147032360236176
:1056D0000123636102B070BD01AB6A46FFF7CAFFE8
:1056E000009E28463146FDF7D1FBB4F90C3038B99D
:1056F0009A05EFD423F0030343F00203A381E3E709
:1057000043F08003A381019BC4E904062060002BC1
:10571000E0D02846B4F90E1000F01CF80028D9D0CB
:10572000A38923F0030343F00103A381D2E7000020
:1057300038B50023064C054608461146236000F0A4
:105740000EFB431C02D1236803B12B6038BD00BFA0
:105750004403002038B50023054C05460846236065
:1057600000F002FB431C02D1236803B12B6038BD5B
:105770004403002070B582B005460E4600900B4BE6
:10578000032222210A4801F085FB012409E056F892
:1057900024300093074B03222521054801F07AFBB2
:1057A0000134AC42F3DB002002B070BD5CA70008FE
:1057B00070A7000878A7000808B5034B03222E2124
:1057C000024801F067FB08BD80A7000870A7000829
:1057D00000B585B0029201910090044B032237215D
:1057E000034801F057FB002005B000BDA4A7000846
:1057F00070A7000808B5034B03226421024801F09A
:1058000049FB08BDCCA7000870A7000808B5034BEA
:105810000422A521024801F03DFB08BDDCA70008D9
:1058200070A700080000000070B588B00D46002485
:1058300007E055F82420134621461D4804F08EF851
:105840000134042CF5DD18A3D3E90023194804F032
:1058500085F8194E07AA3146686804F0EFF8174C2E
:1058600006AA2146A86804F0E9F805AA3146E868C6
:1058700004F0E4F804AA2146286904F0DFF8069849
:10588000FAF7BCFD04460D460498FAF7B7FDCDE9DA
:105890000201059B009322462B460799084804F015
:1058A0005DF8002008B070BD00000060666627400B
:1058B000ECA7000804A8000810A8000814A8000815
:1058C00018A8000808B501F04DFF034B1860034B02
:1058D00001221A7008BD00BF5C030020580300209D
:1058E000124B1B7803B9704700B58DB0EC46DFF85A
:1058F00040E0BEE80F00ACE80F00BEE80F00ACE8E7
:105900000F009EE80F00ACE807002CF8023B1B0CD0
:105910008CF800306846FAF7FBFB02466946054BF7
:10592000186802F037FE0DB000BD00BF580300201C
:105930002CA800085C03002008B5054B00220121BB
:10594000044803F05FFF4FF47A7103F0AFFF08BD26
:10595000D8AB00080D58000870B588B005460E4653
:1059600014461846FAF74AFDCDE90601049430467C
:10597000FAF744FDCDE902010095044B03224021D2
:10598000034801F087FA08B070BD00BF18A80008EE
:1059900070A7000808B5FFF7DFFF002008BD08B5B5
:1059A00001F0BAFBFEE7FEE7FEE7FEE7FEE7FEE7F3
:1059B0007047000082B00E4B9A6942F001029A6172
:1059C0009A6902F001020092009ADA6942F080526C
:1059D000DA61DB6903F080530193019B054A536848
:1059E00023F0E06343F00073536002B0704700BFE0
:1059F000001002400000014008B50548054B436611
:105A0000054B83664FF40072044902F03FFB08BD6A
:105A100068050020C15C0008555C00086803002090
:105A20000B4B5B6E93B100B583B001210DF1070004
:105A30009847012808D19DF80710054802F040FD5D
:105A4000034B5B6E002BF0D103B000BD704700BF6D
:105A50006805002072B6FEE710B590B006AC2822AB
:105A600000212046FCF7ACFA002301930293039334
:105A7000049305930223069301220A9210220B92AB
:105A80000D934FF460130F93204600F0CBFE70B9D6
:105A90000F2301930221029103904FF4806204923C
:105AA000059001A801F0F2F818B910B010BDFFF789
:105AB000D1FFFFF7CFFF000008B500F0A5F9FFF711
:105AC000CBFF4FF4E13000F095F8024803F0AEFF51
:105AD00008BD00BF80A8000808B500F0A7F908BD00
:105AE00000B587B0002302930393049305930268E3
:105AF0001B4B9A4201D007B000BD03F558439A6989
:105B000042F480429A619A6902F480420092009ABB
:105B10009A6942F004029A619B6903F004030193BD
:105B2000019B4FF400730293022303930323059315
:105B300002A90C4800F080FA4FF48063029300231E
:105B40000393049302A9074800F076FA0022114655
:105B5000252000F0CDF9252000F0DAF9CBE700BFD1
:105B6000003801400008014000B583B000238DF8E3
:105B7000073002680B4B9A4201D003B000BD0121EF
:105B8000094802F08DFD01220DF10701064802F0DF
:105B900068FD0028F1D001220DF10701034800F053
:105BA00015FCEAE700380140E0090020080A00205F
:105BB00008B50268074B9A4200D008BD0122064989
:105BC000064800F006FE01220349054802F01BFDCD
:105BD000F3E700BF00380140DC050020080A002080
:105BE000FC09002008B5024800F092FC08BD00BF87
:105BF000080A002010B5104C104B23606060002391
:105C0000A360E36023610C226261A361E36120462B
:105C100000F0ACFB01220A49204600F0DAFD102218
:105C20000849094802F0E8FC4FF480620749084837
:105C300002F0E2FC10BD00BF080A0020003801405D
:105C4000DC050020EC090020FC090020E005002014
:105C5000E009002030B583B005460C4600238DF8DE
:105C60000730252000F062F9134802F060FDA8B16A
:105C700022462946104802F0C6FC03B21C46012207
:105C80000DF107010C4802F0ECFC01280DD10122B6
:105C90000DF10701094800F099FB06E0224629466C
:105CA000054802F0B0FC03B21C46252000F030F994
:105CB000204603B030BD00BFE0090020080A0020E4
:105CC00038B505460C46252000F030F92246294615
:105CD000044802F0FCFC03B21C46252000F018F931
:105CE000204638BDFC09002000B583B00190012199
:105CF00001A8FFF7AFFF019803B000BD0120704776
:105D000008B5FEF7B7FE162303604FF0FF3008BD5D
:105D100008B54FF0FF31FFF7F3FFFEE770B50E4611
:105D20001546002406E0AFF30080314601F8010B70
:105D300001340E46AC42F6DB284670BD70B50C4609
:105D40001646002504E014F8010BFFF7CDFF0135DE
:105D5000B542F8DB304670BD4FF0FF3070474FF46E
:105D600000534B60002070470120704700207047AF
:105D700008B503460D4A0E490E48006840B10D486B
:105D800000680344521A934208D80A4A136008BDB7
:105D90000848DFF824C0C0F800C0F0E7FEF76AFE4C
:105DA0000C2303604FF0FF30F1E700BF000001203B
:105DB00000040000500A0020D831002010B504462D
:105DC0000E4B18680E4B1A784FF47A73B3FBF2F34C
:105DD000B0FBF3F000F0AEF868B90F2C01D9012048
:105DE0000AE0024621464FF0FF3000F081F8054BF3
:105DF0001C60002000E0012010BD00BFE001002079
:105E0000D8010020DC01002008B5074A136843F0E0
:105E100010031360032000F059F80F20FFF7CEFFA6
:105E2000FFF7C8FD002008BD00200240014B1868A4
:105E3000704700BF540A002000280CDB00F01F024E
:105E40004009012393402030034A42F82030BFF339
:105E50004F8FBFF36F8F704700E100E0002808DB31
:105E60000901C9B200F1604000F5614080F80013FB
:105E7000704700F00F000901C9B2014B1954704777
:105E800014ED00E000B500F00700A0F1030CBCF138
:105E9000040F07D8C0F1070E0430062806D84FF0CB
:105EA000000C03E04FF0040E4FF0000C4FF0FF33F6
:105EB00003FA0EF021EA000101FA0CF103FA0CF3E7
:105EC00022EA030241EA020000BD0000074AD3684B
:105ED00023F4E0631B041B0C000200F4E0600343A6
:105EE00043F0BF6343F40033D360704700ED00E03C
:105EF00010B50446054BD868C0F30220FFF7C2FF77
:105F000001462046FFF7AAFF10BD00BF00ED00E0EC
:105F1000002807DB00F01F02400901239340024ADA
:105F200042F82030704700BF00E100E008B5FFF7FD
:105F300083FF08BD0138B0F1807F0BD24FF0E02322
:105F40005861054AF02182F8231000209861072249
:105F50001A6170470120704700ED00E0034690F899
:105F60002120022A06D004228263002280F8202009
:105F70000120704701680A6822F00E020A60016879
:105F80000A6822F001020A60026CC06B012101FA6A
:105F900002F2426083F82110002083F8200070474D
:105FA00008B590F82130022B03D00423836301202D
:105FB00008BD0268136823F00E03136002681368BB
:105FC00023F0010313600368194A934214D014327A
:105FD00093421FD0143293421ED0143293421ED0EB
:105FE000143293421ED01432934202D04FF080728A
:105FF00003E04FF4801200E001220E4B5A600123AF
:1060000080F82130002380F82030436B6BB1984733
:106010000020CDE71022F0E74FF48072EDE74FF457
:106020008052EAE74FF48032E7E71846C0E700BF46
:10603000080002400000024070B582B04FF0000E30
:10604000F446A4E0012B28D0022B03D1CB6803F146
:10605000080E24E01BBB8B68002B65D0012B5CD0A5
:1060600042614FF0080E1AE0664DAB42F3D00CD8F7
:10607000A5F58015AB42EED005F57025AB42EAD010
:10608000A5F58015AB42E6D009E05F4DAB42E2D00A
:1060900005F58035AB42DED001E0D1F80CE0FF2CF5
:1060A00045D806464FEA8C0233680F25954023EA0F
:1060B00005030EFA02F2134333604B6813F0805F5E
:1060C00063D0524B9A6942F001029A619B6903F0D6
:1060D00001030193019B4FEA9C02951C4C4B53F822
:1060E00025600CF00305AD000F23AB4026EA030644
:1060F000484B984222D003F58063984263D003F561
:106100008063984261D003F58063984214D00423E1
:1061100015E0CB6803F10C0EC1E702614FF0080EE9
:10612000BDE74FF0000EBAE74FF0040EB7E7061DCB
:10613000ACF108029200B7E7032300E00023AB4074
:1061400033430232324D45F822304B6813F4801F3E
:106150003DD0314A9368234393604B6813F4001F8A
:106160003BD02D4AD3682343D3604B6813F4003FE0
:1061700039D0294A5368234353604B6813F4803F56
:1061800037D0254A1368234313600CF1010C0B68C8
:1061900033FA0CF233D0012202FA0CF203EA0204C1
:1061A00032EA0303F1D14B68032BBAD07FF64AAF32
:1061B000122BAED03FF658AF112B7FF470AFCB68E7
:1061C00003F1040E6BE70123B9E70223B7E7124A94
:1061D000936823EA04039360BFE70F4AD36823EA76
:1061E0000403D360C1E70C4A536823EA04035360F5
:1061F000C3E7094A136823EA04031360C5E702B042
:1062000070BD00BF000022100000311000100240DD
:10621000000001400008014000040140026802F152
:106220000C0353E8003F23F490730C3242E8003132
:106230000029F3D1026802F1140353E8003F23F070
:106240000103143242E800310029F3D1036B012B22
:1062500005D0202380F84230002303637047026892
:1062600002F10C0353E8003F23F010030C3242E824
:1062700000310029F3D1ECE790F84130212B01D017
:10628000022070478368B3F5805F17D0036A5A1CF9
:1062900002621A7803685A60C38C9BB2013B9BB2BE
:1062A000C3844BB90268D36823F08003D3600268CB
:1062B000D36843F04003D360002070470369002B8C
:1062C000E4D1036A1B880268C3F308035360036ABE
:1062D00002330362E0E7000010B504460268136968
:1062E00023F44053C1680B4313618368026913436D
:1062F00042691A430168CB6823F4B05323F00C03BE
:106300001343CB600268536923F4407381690B43E4
:1063100053610268134B9A4220D000F073FD02468D
:1063200002EB820202EB820263689B00B2FBF3F293
:106330000D48A0FB02314909642303FB11231B0113
:106340003233A0FB03035B0903F0F00202EB0112FE
:1063500003F00F03216813448B6010BD00F062FD51
:106360000246DDE7003801401F85EB5160B310B5F0
:10637000044690F8413013B3242384F84130226856
:10638000D36823F40053D3602046FFF7A5FF2268AB
:10639000136923F4904313612268536923F02A039D
:1063A00053612268D36843F40053D36000206064D3
:1063B000202384F8413084F84230606310BD80F8B7
:1063C0004030FFF78DFBD7E70120704790F8413050
:1063D000202B10D189B192B101628284C284002342
:1063E0004364212280F841200168CA6842F080029B
:1063F000CA6018467047022070470120704701208C
:10640000704708B50168CA6822F04002CA602022BD
:1064100080F84120FFF7A8FB002008BD704708B5B1
:10642000406A0023C385C384FFF7F8FF08BD7047A7
:1064300090F84230222B67D18368B3F5805F4DD04E
:10644000826AB3F5805F04D0002B54D10369002B1E
:1064500051D103685B681370836A01338362C38D13
:106460009BB2013B9BB2C385002B4FD100B583B0DB
:106470000268D36823F02003D3600268D36823F452
:106480008073D3600268536923F0010353612023B2
:1064900080F8423000234363036B012B31D100238A
:1064A0000363026802F10C0353E8003F23F010037A
:1064B0000C3242E800310029F3D103681A6812F067
:1064C000100F05D001911A6801925B680193019B3E
:1064D000818DFFF7ACFF002003B000BD0269002AE8
:1064E000AED1826A03685B68C3F308031380836AD2
:1064F00002338362B3E703685B6803F07F031370C2
:10650000AAE7FFF755FBE6E7022070470020704737
:1065100010B582B0044602681368D068516913F060
:106520000F0F09D113F0200F0CD010F0200F09D05D
:106530002046FFF77DFF16E011F0010115D110F4A0
:10654000907F12D1216B012979D013F0800F03D0F5
:1065500010F0800F40F0118113F0400F03D010F0C5
:10656000400F40F00E8102B010BD13F0010F06D0B5
:1065700010F4807F03D0626C42F00102626413F079
:10658000040F04D019B1626C42F00202626413F08D
:10659000020F04D019B1626C42F00402626413F07D
:1065A000080F07D010F0200F00D119B1626C42F033
:1065B00008026264626C002AD5D013F0200F02D06A
:1065C00010F0200F29D123685B6903F04003626C4F
:1065D00012F0080F00D163B32046FFF71FFE2368B7
:1065E0005B6913F0400F20D0226802F1140353E8D6
:1065F000003F23F04003143242E800310029F3D178
:10660000E36B73B1614A5A63E06BFFF7C9FC002882
:10661000A9D0E06B436B9847A5E72046FFF708FF3A
:10662000D1E72046FFF7FAFE9DE72046FFF7F6FE8A
:1066300099E72046FFF7F2FE0023636493E713F027
:10664000100F82D010F0100F3FF47FAF00230193A2
:106650001368019353680193019B536913F0400F32
:1066600050D0E26B13685B689BB2002B3FF47BAFAA
:10667000A18D99427FF677AFE3859369202B36D0C1
:10668000226802F10C0353E8003F23F480730C32BC
:1066900042E800310029F3D1226802F1140353E8E3
:1066A000003F23F00103143242E800310029F3D106
:1066B000226802F1140353E8003F23F04003143230
:1066C00042E800310029F3D1202384F842302163CD
:1066D000226802F10C0353E8003F23F010030C3250
:1066E00042E800310029F3D1E06BFFF737FC0223C9
:1066F0006363A18DE38D9BB2C91A89B22046FFF76F
:1067000096FE30E7A18DE38D9BB2C91A89B2E38D65
:106710009BB2002B3FF427AF00293FF424AF22683F
:1067200002F10C0353E8003F23F490730C3242E86B
:1067300000300028F3D1226802F1140353E8003F2F
:1067400023F00103143242E800300028F3D1202363
:1067500084F842302063226802F10C0353E8003FC2
:1067600023F010030C3242E800300028F3D102235A
:1067700063632046FFF75BFEF5E62046FFF77CFDEE
:10678000F1E62046FFF73DFEEDE600BF1F6400087E
:1067900090F8413090F8420018437047816282853A
:1067A000C28500234364222380F84230036923B169
:1067B0000268D36843F48073D3600268536943F07E
:1067C000010353610268D36843F02003D3600020C3
:1067D000704708B590F84230202B08D149B10AB96A
:1067E000012008BD00230363FFF7D8FFF9E702206B
:1067F000F7E70120F5E7000082B0084B1B68084A64
:10680000A2FB03235B0A00FB03F3019300BF019B80
:106810005A1E0192002BF9D102B07047E00100200E
:10682000D34D6210002800F0F38170B582B00446A9
:10683000036813F0010F2CD09A4B5B6803F00C0334
:10684000042B1DD0974B5B6803F00C03082B12D070
:106850006368B3F5803F41D0002B55D103F18043ED
:1068600003F504331A6822F480321A601A6822F49D
:1068700080221A6037E08B4B5B6813F4803FE7D0CF
:10688000884B1B6813F4003F03D06368002B00F0B3
:10689000C181236813F0020F75D0824B5B6813F03F
:1068A0000C0F5FD07F4B5B6803F00C03082B54D0B8
:1068B0002369002B00F08A807B4B01221A60FFF7CE
:1068C000B5FA0546774B1B6813F0020F75D1FFF739
:1068D000ADFA401B0228F5D90320A0E1714A1368E4
:1068E00043F480331360636843B3FFF79FFA0546B0
:1068F0006C4B1B6813F4003FCBD1FFF797FA401B9A
:106900006428F5D903208AE1B3F5A02F09D0654B9F
:106910001A6822F480321A601A6822F480221A60FF
:10692000E1E703F18043A3F53C331A6842F4802287
:106930001A601A6842F480321A60D4E7FFF776FAD8
:106940000546584B1B6813F4003FA2D0FFF76EFAC0
:10695000401B6428F5D9032061E1524B5B6813F4B6
:10696000803FA5D14F4B1B6813F0020F03D0236962
:10697000012B40F051814B4A136823F0F803616901
:1069800043EAC1031360236813F0080F33D0A369EF
:10699000002B5DD0444B0122C3F88024FFF746FA58
:1069A0000546404B5B6A13F0020F21D1FFF73EFA18
:1069B000401B0228F5D9032031E13A4A136823F03D
:1069C000F803616943EAC1031360DCE7364B002238
:1069D0001A60FFF72BFA0546324B1B6813F0020FC3
:1069E000D1D0FFF723FA401B0228F5D9032016E186
:1069F0000120FFF701FF236813F0040F00F09880D7
:106A0000284BDB6913F0805F35D1264BDA6942F001
:106A10008052DA61DB6903F080530193019B01230B
:106A20001E46224B1B6813F4807F27D0E368012B9E
:106A30003ED0002B54D103F1804303F504331A6A8E
:106A400022F001021A621A6A22F004021A6234E089
:106A5000154B0022C3F88024FFF7E8F90546114BD7
:106A60005B6A13F0020FC6D0FFF7E0F9401B022863
:106A7000F5D90320D3E000231E46D2E70B4A136862
:106A800043F480731360FFF7D1F90546074B1B6889
:106A900013F4807FCAD1FFF7C9F9401B6428F5D9E8
:106AA0000320BCE0001002400000424200700040A1
:106AB0005F4A136A43F001031362E36833B3FFF7DD
:106AC000B5F905465A4B1B6A13F0020F2FD1FFF799
:106AD000ADF9401B41F288339842F3D903209EE080
:106AE000052B09D0524B1A6A22F001021A621A6A67
:106AF00022F004021A62E0E74D4B1A6A42F00402E7
:106B00001A621A6A42F001021A62D6E7FFF78EF99A
:106B10000546474B1B6A13F0020F08D0FFF786F9B2
:106B2000401B41F288339842F3D9032077E0E6B95D
:106B3000E369002B72D03E4A526802F00C02082A28
:106B400056D0022B17D03B4B00221A66FFF76EF986
:106B50000446374B1B6813F0007F47D0FFF766F9F8
:106B6000001B0228F5D9032059E0314AD36923F0EC
:106B70008053D361DCE72F4B00221A66FFF756F9EA
:106B800005462B4B1B6813F0007F06D0FFF74EF92C
:106B9000401B0228F5D9032041E0236AB3F5803F6A
:106BA0001AD023494B6823F47413226A606A0243A3
:106BB00013434B601F4B01221A66FFF737F9044657
:106BC0001B4B1B6813F0007F0ED1FFF72FF9001B42
:106BD0000228F5D9032022E0154A536823F4003334
:106BE000A1680B435360DCE7002018E0002016E0AA
:106BF000012B16D00E4B5B6803F48031226A914260
:106C000011D103F47013626A93420ED1002006E0A2
:106C100001207047012002E0012000E0184602B088
:106C200070BD0120FBE70120F9E70120F7E700BF75
:106C300000100240000042420F4B5B6803F00C0260
:106C4000082A01D00D487047C3F383420C49885C81
:106C500013F4803F0BD0084B5B68C3F34043094AF1
:106C6000D35C064A02FB00F0B0FBF3F07047064B22
:106C700003FB00F0704700BF0010024000127A00D2
:106C80003CAD000838AD000800093D00002800F0C8
:106C9000A08070B50D460446524B1B6803F00703F5
:106CA0008B420BD24F4A136823F007030B43136048
:106CB000136803F007038B4240F08D80236813F0C4
:106CC000020F17D013F0040F04D0474A536843F45F
:106CD000E0635360236813F0080F04D0424A5368FE
:106CE00043F460535360404A536823F0F003A168B3
:106CF0000B435360236813F0010F31D06368012BFD
:106D000020D0022B25D0384A126812F0020F64D02E
:106D100035494A6822F0030213434B60FFF786F8B7
:106D20000646314B5B6803F00C036268B3EB820FDD
:106D300016D0FFF77BF8801B41F288339842F0D9D8
:106D4000032045E0284A126812F4003FE0D10120F8
:106D50003EE0254A126812F0007FD9D1012037E0C9
:106D6000204B1B6803F00703AB420AD91D4A136886
:106D700023F007032B431360136803F00703AB42B0
:106D80002DD1236813F0040F06D0174A536823F45B
:106D9000E063E1680B435360236813F0080F07D0EA
:106DA000114A536823F46053216943EAC1035360D5
:106DB000FFF742FF0C4B5B68C3F303130B4AD35C32
:106DC000D8400B4B18600B4B1868FEF7F7FF0020FC
:106DD00070BD012070470120FAE70120F8E701208B
:106DE000F6E700BF002002400010024054AD00084A
:106DF000E0010020DC010020014B1868704700BF53
:106E0000E001002008B5FFF7F7FF044B5B68C3F310
:106E10000223034AD35CD84008BD00BF00100240E3
:106E20004CAD000808B5FFF7E7FF044B5B68C3F300
:106E3000C223034AD35CD84008BD00BF0010024003
:106E40004CAD000870470000FFF7FCFF0B480C49F1
:106E50000C4A002302E0D458C4500433C4188C42B6
:106E6000F9D3094A094C002301E013600432A2421D
:106E7000FBD3FBF7F7F8FEF792FD70470000002008
:106E8000EC01002084B60008EC010020D431002081
:106E9000FEE7000008B42DE9F04384B0814688463F
:106EA0000BAC54F8046B134B53F82250124B9F5CFD
:106EB000FEF712FE0190CDF800804B463A46294677
:106EC0000E4802F04BFD03940D4D23463246FF2140
:106ED000284602F007FE00232B542946094802F0F9
:106EE0003DFD094802F0A2FD04B0BDE8F04301B049
:106EF000704700BF6CAD000864AD0008A4A800088E
:106F0000580A0020BCA80008C0A80008FEE700003E
:106F1000F8B504460F4615461E461248FFF738FCE2
:106F20002028FAD1104802F081FD294685B1324669
:106F30000E4802F013FD21467CB10D4802F00EFD13
:106F40000848FFF725FC2028FAD1FFF7DFFFF8BD3E
:106F50003146084802F002FDEDE73946064802F0E6
:106F6000FDFCEDE7080A0020F0A8000808A90008C9
:106F700038A900081CA900084CA900081549A1F16E
:106F80001C030A4619461868B0F1A53F03D19B6956
:106F9000B3F1A53FF3D0104B1A60002300E001339A
:106FA000C3EBC30102EB810052F82110B1F1A53F00
:106FB0000DD18169B1F1A53F09D190F911100748B0
:106FC00090F900008142EADD04480170E7E7044AD5
:106FD0001360704704AF0008640B0020E401002038
:106FE000600B00207047000070B50546002405E0E6
:106FF000104B1B6833449B68984701340E4B1B6849
:10700000A34216D9C4EBC40296000A4B1B6803EBDB
:10701000820393F91120AA42EFD11A7C002AECD105
:107020006A1CD2B2012AE3D95968044802F096FCDE
:10703000DEE770BD640B0020600B002060A9000833
:10704000F8B51D4AA2F11C0314461A4618681B49DC
:10705000884203D19969194B9942F3D0184B1C60AF
:1070600000240BE0164E33682B44DF68FEF734FD36
:1070700033682B445B69184438600134C4EBC400A6
:1070800085000F4B1B6803EB80005A590B4B9A424B
:107090000ED182699A420BD142690A4B9A42E1D9D8
:1070A00040F20713084A00214068FFF731FFD9E793
:1070B000064B1C60F8BD00BF58AF0008EFBEEFBE26
:1070C0005C0B002000C87E9A74A90008580B0020B1
:1070D00070B5002600E001360D4B1B68B34215D990
:1070E000C6EBC60295000B4B1B6803EB8203DC6802
:1070F000FEF7F2FC23689842EDD3064A12682A4450
:1071000051690B44236093689847F1E770BD00BF55
:10711000580B00205C0B002010B5FFF72FFFFFF786
:107120008FFF002404E060B2FFF75EFF0134E4B299
:10713000034B93F900309C42F5DDFFF7C9FFFCE7F4
:10714000E401002003460278302A0FD0302A14D000
:10715000302A1DD000201A780133DAB11A782E2A8D
:10716000F9D15A78002AF6D004207047417878295E
:107170000AD05829EAD10320EDE75978622905D0D1
:107180004229E5D10120E6E70320E4E70120E2E718
:107190000220E0E7704703463038C0B2092810D912
:1071A000A3F16102D2B2052A07D9A3F14102D2B2FA
:1071B000052A05D8373BD8B27047573BD8B270473D
:1071C00000207047034640785C2800D070479878CC
:1071D0006E280CD005D972280DD07428F6D109205C
:1071E0007047302805D06228F0D1082070470A2067
:1071F0007047002070470D20E8E770B50646037819
:10720000222B02D03546002409E00136FAE7681E39
:10721000FFF7D8FF3055013501350134A4B22B7882
:1072200043B15C2BF3D0222B01D03355F4E700237C
:107230003355F1E73355304670BD2DE9F843054627
:1072400003782D2B17D04FF0010900202844FFF7B9
:1072500079FF8046022812D0032813D0012814D1C8
:1072600002231F46B9F1FF3F12D0002213441D44F0
:107270000024264610E04FF0FF390120E6E7012305
:107280000827EFE702231027ECE700230A27E9E7A6
:107290000122EBE701350124287858B12E28F9D0D6
:1072A00007FB06F6FFF777FF064404EB840464004F
:1072B0000135F1E7B8F1040F13D194B13046F9F775
:1072C000F3FC05462046F9F7EFFC01462846F9F79E
:1072D000F7FD04464846F9F7EBFC2146F9F73CFD7B
:1072E00001E006FB09F0BDE8F88310B50446002371
:1072F000826D013100F091FE18B10146204600F088
:107300004CFF10BD08B50B78272B0BD02D2B10D0C0
:10731000A3F13002D2B2092A0BD9242B0DD093B994
:10732000184608BD4A78002AF0D00846FFF74AFF01
:10733000F7E70846FFF781FFF3E74A78002AEED027
:10734000FFF7D3FFEDE70846FFF757FFE9E72DE921
:10735000F0478CB00646894615461F46202200217C
:1073600004A8FAF72DFE99F8068008F00F08A84542
:1073700001DA05F1FF3800240CE004F1010A57F8A6
:107380002A103046FFF7BEFF0CAB03EB840444F831
:10739000200C544605F1FF3CA445EEDCB8F1040F87
:1073A00041D01EDCB8F1020F37D00DDCB8F1000F70
:1073B0002DD0B8F1010F04D1D9F80C3004989847BA
:1073C00028E04FF0FF3025E0B8F1030F06D1D9F8DF
:1073D0000C30069A0599049898471BE04FF0FF304F
:1073E00018E0B8F1060F26D0B8F1070F2FD0B8F18A
:1073F000050F09D1D9F80C40089B0093079B069A0A
:1074000005990498A04705E04FF0FF3002E0D9F855
:107410000C3098470CB0BDE8F087D9F80C300599CE
:1074200004989847F6E7D9F80C40079B069A059907
:107430000498A047EEE7D9F80C40099B0193089BFC
:107440000093079B069A05990498A047E2E7D9F8AC
:107450000C400A9B0293099B0193089B0093079B96
:10746000069A05990498A047D4E7000009480A4BFA
:10747000186002E0084A13601846A0F1400350F873
:10748000401C064A914203D150F8041C9142F1D0AD
:10749000704700BF34B600088C0B0020ED5FB5DEEE
:1074A0000023042B0ADC064A52F8232012B10133D0
:1074B0001BB2F6E7024A42F823007047704700BF4C
:1074C000780B002000B583B08DF80710836E012182
:1074D0000DF10700984703B000BD000070B5856E40
:1074E000E5B1064608460A46002413783BB10D2B49
:1074F00005D00A2B03D001320134A4B2F5E7242CC5
:1075000009D92421A847B36E032106489847242CA3
:1075100006D9242070BD2146A847F8E72846F9E798
:107520002720F7E794A900080246002002E0135440
:10753000013080B20B5C002BF9D11354704700B5B9
:1075400084468E460023184603E0013080B20133A2
:107550009BB21CF8032022B11EF8031009B18A4225
:10756000F3D000BD437903F00F03012B05D9072B9E
:1075700005D9082B05D80069704700697047006974
:1075800070470069704730B5002306E01A1D00EB14
:1075900082020021516001331BB2072BF6DD00216E
:1075A000C1860B464FF0010E10E002691C4602EB4B
:1075B000030CD55C222D1AD0BEF1000F1AD19CF815
:1075C00000C0BCF15C0F27D001339BB282899A4284
:1075D00029D90029E9D10269D418D25C202A01D026
:1075E000002AE2D1002222704FF0010EECE781F078
:1075F0000101E1E7C58E072D0BD805F1010EA0F8BA
:1076000036E0043500EB8505C5F804C04FF0000EE8
:10761000D5E74FF0000ED2E70134125D002AD3D037
:1076200001339BB2D0E730BD08B5C389828993424C
:1076300000D308BD0269591CC181D15CFFF742FF2C
:10764000F7E7C38903B9704710B504460821FFF76F
:1076500039FFE389013BE38110BD704710B50D4B45
:10766000196800231C4603E00134A4B201339BB225
:107670009A0101EB831C8858074A904203D1DCF839
:107680003C009042F0D02146044802F067F92046C1
:1076900010BD00BF8C0B0020ED5FB5DE98A900087F
:1076A00010B504460023A0F85430B0F850305BB158
:1076B000B0F8523053B3013B0E3304EB830321691E
:1076C0005868F8F72DFD00B3B4F852300E3304EBD0
:1076D000830321695868FFF727FF20B1B4F85230BF
:1076E0000133A4F85230B4F8503001339BB2A4F8FF
:1076F0005030052B02D90523A4F85030B4F852308D
:10770000042B02D90023A4F8523010BD0423D3E780
:1077100070B5054600240AE000211170221D05EB1A
:1077200082025168013151600CE00134A4B2EB8E49
:10773000A34216D92346221D05EB82025268117816
:107740002229E9D0043305EB83035E683046F8F75D
:10775000DFFC83B2013BF25C222AE6D10022F25424
:10776000E3E770BD002301E001331BB2042B0ADC08
:10777000064A52F823000028F6D090F8602012F054
:10778000020FF1D000E00020704700BF780B00200E
:1077900038B5846E44B10D460846F8F7B9FC81B29D
:1077A0002846A04780B238BD2046FCE710B5044605
:1077B0000160C86850B1037853B1E38E012B13D92F
:1077C000A169F8F7ADFC88B1002202E0012200E0D7
:1077D000012294F8603062F3000384F86030DBB279
:1077E00013F0010F04D110BD0022F2E70122F0E7EF
:1077F00002492046FFF7CCFFF5E700BFB8A9000813
:1078000010B5044690F8603013F0010F19D091B90B
:10781000236899682046FFF7BBFF0C492046FFF715
:10782000B7FFA16859B12046FFF7B2FF08492046CB
:10783000FFF7AEFF10BD0749FFF7AAFFE8E70649CB
:10784000F1E70649FFF7A4FFF4E700BF38AA0008F4
:107850003CAA000834AA000830AA000840AA000880
:1078600010B504460368D9680069F8F759FC68B98F
:1078700094F8603043F0010384F8603006492046F4
:10788000FFF786FF0023A381E38110BD0349204653
:10789000FFF77EFFF6E700BFB8A900085CAA000862
:1078A00008B5FFF75FFF10B10249FFF771FF002035
:1078B00008BD00BF70AA00080B7943B14A7902F0F5
:1078C0000F02082A03D00268127913420DD090F8F3
:1078D000603013F0010F0BD14B7913F0100F01D072
:1078E000002070474FF0FF3070474FF0FF30704777
:1078F0000020704710B502460C4604492046FAF7AE
:10790000F7FA2046F8F704FC40B210BD7CAA000844
:1079100008B5002304E00E4A3021D1540133DBB214
:10792000082BF8D9437903F00F03012B05D9072B56
:1079300005D9082B05D8806808BD8068FCE78068F9
:10794000FAE703498068FFF7D5FF0148F4E700BF75
:107950006C0B0020F0B585B005460F4601AC002643
:107960000196029603960A4610492046FAF7C0FA95
:107970000F492846FFF70CFF21462846FFF708FF6E
:107980000C492846FFF704FF01960296039621460C
:107990003846FFF7AFFF21462846FFF7F9FE0649B4
:1079A0002846FFF7F5FE05B0F0BD00BF10A800089F
:1079B00084AA000890AA000834AA000800B5B0F113
:1079C000000E04DB72460023CB720B2012E0CEF1D6
:1079D0000002F8E7114B83FB023CD317C3EBAC0367
:1079E0009C4603EB8303A2EB43030138C0B2303360
:1079F0000B546246002AEDD196450ADBBEF1000F1A
:107A000003D10138C0B230230B54C0F10B0040B297
:107A100000BD0138C0B22D230B54EFE767666666E0
:107A200070B505460E460846FFF772FF0146284628
:107A3000FFF7AEFEC0F1160424B2002C17DD2021A2
:107A40002846FFF73FFD013C24B2002CF7D17379A3
:107A500003F00F03012B0CD9072B14D9082B17D9CE
:107A6000092B1AD81F492846FFF792FE05E0042487
:107A7000E5E71D492846FFF78BFE1C492846FFF71E
:107A800087FE072414E01A492846FFF781FEF4E731
:107A900018492846FFF77CFEEFE717492846FFF70D
:107AA00077FEEAE72D212846FFF70CFD013C64B282
:107AB000002C06DB3379234113F0010FF2D078213B
:107AC000F1E70A492846FFF763FE3046FFF74AFD13
:107AD00001462846FFF702FD08492846FFF758FEF1
:107AE00070BD00BFB0AA000898AA0008C0AA00088C
:107AF000A0AA0008A8AA0008B8AA000834AA00088A
:107B0000F8B50646876D0F49FFF742FE002401E0F5
:107B1000013424B2B6F85C309C4211DA07EB8415CC
:107B20006B7903F00F03012BF2D829463046FFF79B
:107B3000C3FE0028ECD129463046FFF771FFE7E786
:107B4000F8BD00BFC4AA000808B5FFF70BFE08B1D6
:107B5000FFF7D6FF002008BDF8B50646876D10492F
:107B6000FFF716FE002401E0013424B2B6F85C30C1
:107B70009C4214DA07EB84156B7903F00F030E3384
:107B800003F00F03052BEFD829463046FFF794FE8C
:107B90000028E9D129463046FFF742FFE4E7F8BD67
:107BA000D8AA000808B5FFF7DDFD08B1FFF7D4FF3C
:107BB000002008BDF8B50646876D0F49FFF7E8FDC0
:107BC000002401E0013424B2B6F85C309C4211DAA2
:107BD00007EB84156B7903F00F03082BF2D12946CC
:107BE0003046FFF769FE0028ECD129463046FFF702
:107BF00017FFE7E7F8BD00BFE8AA000808B5FFF7E0
:107C0000B1FD08B1FFF7D6FF002008BDF8B5064664
:107C1000876D0F49FFF7BCFD002401E0013424B259
:107C2000B6F85C309C4211DA07EB84156B7903F0EF
:107C30000F03092BF2D129463046FFF73DFE0028FD
:107C4000ECD129463046FFF7EBFEE7E7F8BD00BF71
:107C5000F8AA000808B5FFF785FD08B1FFF7D6FFC1
:107C6000002008BD08B5FFF74BFF08BD38B5054635
:107C700008E095F87020064B53F822102846FFF7CD
:107C800087FD21464B1EDCB20029F2D138BD00BF72
:107C90008CAE000838B505468489C389E41A24B23D
:107CA00005E020212846FFF70DFC013C24B2002C02
:107CB000F7DC297B2846FFF7D9FF38BD10B504460D
:107CC000002919DDB0F95420531EA0F85430B0F843
:107CD0005230B0F850108B4238BF0B4659428A429E
:107CE00001DCA4F854102046FFF7D4FFB4F9543057
:107CF00083B9A381E38110BD0029FCDAB0F95430C7
:107D000001331BB2A0F85430002BECDD0023A0F8A7
:107D10005430F0E7B4F8522005321A440C4981FB84
:107D20000231D317C3EB610303EB8303D31A0E3382
:107D300004EB830359682069FFF7F6FBA081002854
:107D4000D9D0E08121692046FFF722FDD3E700BFAB
:107D50006766666608B50121FFF7B0FF08BD08B584
:107D60004FF0FF31FFF7AAFF08BD00002DE9F84FE3
:107D70000546838E828942B19B46016900238B545C
:107D8000876D1C4698469A4625E0FFF76BFF012158
:107D90002846FFF735FD5FE007EB8A19494628467C
:107DA000FFF73EFE4846FFF7B3FD81463046FFF73A
:107DB000AFFD01464846FFF7C2FB5B46834528BF3F
:107DC00003469BB29B46A3B29A4608F101081FFAEC
:107DD00088F8013424B2B5F85C309C421EDA07EB17
:107DE000841631462846FFF767FD0028F1D1D5F803
:107DF00010903046FFF78CFD01464846FFF79FFB89
:107E0000AB899842E5D1B8F1000FDCD0B8F1010F91
:107E1000C2D11A492846FFF7BBFCBDE7B8F1000FF5
:107E20001AD0B8F1010F19D02C6907EB8A17384620
:107E3000FFF76EFD01462046FFF776FBA881B8F1FB
:107E4000010F0FD82A69AB890021D154AB89EB818E
:107E500029692846FFF79CFCBDE8F88F2846FFF704
:107E600019FFE1E739462846FFF7DAFD01212846E8
:107E7000FFF7C6FCA5F80CB0E4E700BF34AA000881
:107E800070B504468389828E013A934207DAC2892B
:107E9000934210D0934250D99B1A1BB225E0274938
:107EA000FFF776FC01212046FFF7AAFC2169204656
:107EB000FFF76EFC41E00269581CA081D154226991
:107EC000A3890020D054E3890133E381E36E012BC1
:107ED00033D12046FFF7F6FA2FE02069E2891A44F1
:107EE000551E455D8554013B1BB2002BF5DC226914
:107EF000E389581CE081D1542269A38901339BB2E4
:107F0000A3810021D154E689013E36B206E02369FF
:107F1000995D2046FFF7D6FA013636B2A589AE4202
:107F2000F5DBE389ED1A2DB205E008212046FFF7C5
:107F3000C9FA013D2DB2002DF7DC70BD08AB000879
:107F400038B50446B1F1FF3F14BF00230123C289B5
:107F50000AB9012955D0A089824203D0824205D0B6
:107F60001BB219E0B1F1FF3FF8D14AE00129F7D186
:107F7000013AE281431E9BB2A38122690021D154C0
:107F800001212046FFF772FE3BE020691A44551E8E
:107F9000825C425501331BB2A089E289851AAB424B
:107FA000F3DB0138A081B1F1FF3F06D12269A3893B
:107FB0000021D154B4F90E500DE0013AE2810821BC
:107FC0002046FFF77FFAF1E72369595D2046FFF766
:107FD00079FA01352DB2A3899D42F5DB2021204697
:107FE000FFF770FAA589E389ED1AADB201352DB21C
:107FF00005E008212046FFF765FA013D2DB2002D6E
:10800000F7DC38BD08B50121FFF79AFF08BD08B5B8
:108010004FF0FF31FFF794FF08BD2DE9F047804690
:108020008A4617469946B0F85C60836DD31AC3F34D
:108030008F13F61AB6B2002406E04A465046FCF703
:10804000F6FC00B30134A4B2B4421BD207EB841592
:1080500095F805C00CF00F0CBCF1090FF2D02946C1
:108060004046FFF729FC0028ECD12846FFF750FCDA
:108070000146B9F1000FE0D15046F8F751F8002859
:10808000E0D100E000252846BDE8F08710B50446A1
:1080900000238381C381036090F8600040F00100F9
:1080A00084F8600021611A48A0FB020C4FEA9C0C86
:1080B000A4F834C00122E266A4F85430A4F8503089
:1080C000A4F8523009E003FB0CC0084403F10E028F
:1080D00004EB8202506001331BB2042BF3DDFFF787
:1080E000C5F9A065FFF7BAFAA4F85C002046FFF7CF
:1080F000D7F90023A26D07492046FFF78EFF0146FE
:108100002046FFF753FB01212046FFF779FB10BD06
:10811000ABAAAAAA2CAB000838B504460023826D8E
:10812000FFF77BFFD8B105460F492046FFF730FB2C
:108130002846FFF7EDFB01462046FFF729FB0B49D8
:108140002046FFF725FB2846FFF70CFA014620469C
:10815000FFF71EFB05492046FFF71AFB38BD04490F
:108160002046FFF715FBF9E734AB000834AA0008F6
:1081700048AB000838B504460D46FFF7F3FA18B1CE
:10818000012C03D0012C04DC002038BDFFF76AFD70
:10819000FAE76968FFF7C0FFF6E708B54B7903F027
:1081A0000F03042B1FD009D9062B11D9072B15D18A
:1081B000CA685368D3B11068984713E0022B0FD0F8
:1081C000032B03D1CB68B3F900000BE0002009E0DA
:1081D000052B01D3C86805E0002003E0002001E082
:1081E000CB68186808BDCB681878FBE71846F9E734
:1081F00070B584B004460D46284B93E8070004ABE5
:1082000003E9070029462046FFF7C7FF0646A9688D
:108210002046FFF7BDFA22492046FFF7B9FA6B79ED
:1082200003F00F03052B10D001AD29463046FFF7B0
:10823000C5FBC0F10B0129442046FFF7A9FA1949F3
:108240002046FFF7A5FA002316E0174D29462046E1
:10825000FFF79EFA31462046FFF79AFA2946204654
:10826000FFF796FA13E003F110026A444FF0300C66
:1082700002F80CCC01331BB20A2BF4DD01AD294608
:108280003046FFF737FB29462046FFF781FA0749BA
:108290002046FFF77DFA304604B070BD64AB00089D
:1082A0005CAB000890AA000860AB000834AA000884
:1082B00070B506460C464B7913F0400F0ED14B7942
:1082C00003F00F03052B24D010D8032B1BD0042B55
:1082D0001CD0022B05D1CB681A6002E01349FFF7CE
:1082E00057FA21463046FFF783FF70BD062B15D0A5
:1082F000072BF6D1CB689D68002DF2D0186888B1A5
:108300001146A847EDE7CB681A80EAE7CB681A70F8
:10831000E7E71146E068FFF707F9E2E70449FFF7EE
:1083200037FADEE71046A847DBE700BF70AB00086E
:108330008CAB000870B505460E46FFF713FA98B1EE
:1083400004460023826D2946FFF767FE014660B1AF
:10835000437903F00F030E3303F00F03052B0AD804
:1083600032462046FFF7A4FF70BD08492046FFF7BC
:108370000FFA0020F8E729462046FFF709FA0449DA
:108380002046FFF705FA0020EEE700BFA0AB00088B
:10839000B0AB000870B504460D4690F8603043F06D
:1083A000020380F860304B7913F00F0315D0012BD6
:1083B00024D04A7902F00F020E3202F00F02052A91
:1083C0002BD9082B2ED000231E4694F8603023F0C2
:1083D000020384F86030304670BDFFF799F9EB680E
:1083E00004F11401E08E984706466B7913F0200FD4
:1083F000EBD101462046FFF7ADFAE6E700F11403A2
:10840000C28EFEF7A4FF06466B7913F0200FDCD175
:1084100001462046FFF79EFAD7E7FFF7E9FE002363
:108420001E46D2E7FFF7C2F900231E46CDE708B586
:1084300090F8602022F0040280F86020FFF720FD11
:1084400008BD000083895BB310B5044602690021B2
:10845000D15490F8603013F0010F1ED0FFF720F9CF
:108460002046FFF790F80023E381A381E38EB3B1A8
:108470000C492046FFF78CF90023A26D6169204664
:10848000FFF7CBFD014618B12046FFF783FF06E05A
:1084900005492046FFF77CF901E0FFF7E1F910BD3F
:1084A000704700BF34AA000848AB000810B5044666
:1084B000FFF7C8FF01212046FFF7A2F910BD000019
:1084C000002963D02DE9F04706468A46836B13F4F2
:1084D0007F4F08D113F47F080AD1B3F1807F0ED209
:1084E0004FF0180908E06FF0FF084FF0000903E0B3
:1084F000DFF89C804FF00809B76D00240DE04FF0C5
:108500007F484FF01009F7E7EB680BB1304698470A
:108510000023B36331E0013424B2B6F85C309C42EE
:1085200029DA07EB84156B7903F00F03092BF2D1DD
:1085300029463046FFF7C0F90028ECD1AB6803EAC2
:108540000801B26B9142E6D1FF2101FA09F10B401B
:108550000AFA09F18B42DED10A43B263B9F1000F86
:10856000D2D0AA68A9F10801FF238B401A42CBD0D0
:1085700000239A46CFE753460BB9BDE8F0870023A6
:10858000B36351463046FFF752FFF6E7704700BF2E
:108590000000FFFF70B504460D46164690F86030A7
:1085A00013F0020F09D0A36EB1B22846984794F891
:1085B000603013F0020F04D070BD0E49FFF7E8F8E9
:1085C000F1E700212046FFF71BF9A389002BF3D028
:1085D00021692046FFF7DCF8002505E00821204648
:1085E000FEF770FF01352DB2A389E2899B1A9D42E7
:1085F000F4DBE1E7C0AB00080160028142810023A7
:108600008380C380704730B50346104615465A89AB
:10861000824221D30C464FF0000E86451FD21A68C5
:10862000B3F804C014F80E1002F80C10B3F804C02C
:108630000CF1010C1A899CFBF2F102FB11CCA3F89E
:1086400004C0B3F80AC00CF1FF3CA3F80AC00EF155
:10865000010E1FFA8EFEE0E76FF00A031D46284662
:1086600030BD10B586460089BEF80A30C01A80B207
:10867000904228BF104600230FE0BEF806C09C447D
:10868000BEF808209CFBF2F402FB14CCDEF80020BC
:1086900012F80C20CA5401339BB28342EDD310BDB3
:1086A00000B50246B0F808E0B0F80AC0AEEB0C0323
:1086B00098B2884228BF0846D388034493FBFEF152
:1086C0000EFB1133D3808444A2F80AC000BD10B55C
:1086D00086460C460089BEF80A30C01A80B2904225
:1086E00028BF104600230FE0BEF806C09C44BEF829
:1086F00008209CFBF2F102FB11CCDEF8002012F8FE
:108700000C20E25401339BB28342EDD3BEF8063015
:108710000344BEF8082093FBF2F102FB1133AEF8DC
:108720000630BEF80A300344AEF80A3010BD428964
:108730000089824214BF00200120704700F1080325
:1087400043604FF0FF328260C36003610023036027
:10875000704700230361704743684B609A688A60E2
:10876000516099600861036801330360704700B588
:1087700002460846D1F800C0BCF1FF3F11D002F11B
:10878000080319465B68D3F800E0E645F9D94B6861
:108790004360986081604860026113680133136030
:1087A00000BD1169F3E70369416882688A60416826
:1087B00051605A68824206D0002202611A68013A6A
:1087C0001A601868704782685A60F5E710B5044669
:1087D00000F060FFA26BE36B9A4204D0002400F02B
:1087E0007BFF204610BD0124F9E770B5044616460C
:1087F000856B026C5AB903681BB100200135A56373
:1088000070BD806800F0D8FC0023A360F6E76EB965
:108810004068FCF735F96368226C13446360A26812
:10882000934219D3236863603046E7E7C068FCF7DA
:1088300027F9E368226C51429B1AE3602268934255
:1088400002D2A3680B44E360022E01D00020D5E7DA
:1088500025B1013D0020D1E73046CFE72846CDE7DE
:1088600038B5054600F016FF95F8454064B201E0C2
:10887000013C64B2002C0ADD6B6A43B105F12400AF
:1088800000F0ECFB0028F3D000F080FCF0E7FF23C1
:1088900085F8453000F020FF00F0FCFE95F84440DC
:1088A00064B201E0013C64B2002C0ADD2B6943B1E3
:1088B00005F1100000F0D2FB0028F3D000F066FCB8
:1088C000F0E7FF2385F8443000F006FF38BD38B5E7
:1088D000E0B10D46044600F0DDFE2368E26B216C3A
:1088E00001FB0230A0600020A0636360013A02FB3C
:1088F0000133E360FF2384F8443084F84530FDB948
:10890000236963B900F0E8FE012038BD4FF0500341
:1089100083F31188BFF36F8FBFF34F8FFEE704F12E
:10892000100000F09BFB0028ECD04FF0E0234FF04C
:108930008052C3F8042DBFF34F8FBFF36F8FE1E771
:1089400004F11000FFF7FAFE04F12400FFF7F6FE31
:10895000D8E738B51D46049C0B4649B92460E0634E
:10896000236401212046FFF7B2FF84F84C5038BD44
:108970002260F4E740B94FF0500383F31188BFF34E
:108980006F8FBFF34F8FFEE710B584B01C4684464F
:1089900053B192B189B94FF0500383F31188BFF3FB
:1089A0006F8FBFF34F8FFEE74FF0500383F31188B3
:1089B000BFF36F8FBFF34F8FFEE76AB1502303936E
:1089C000039B502B13D04FF0500383F31188BFF358
:1089D0006F8FBFF34F8FFEE70029EFD04FF05003AA
:1089E00083F31188BFF36F8FBFF34F8FFEE7039BB5
:1089F000012384F8463000949DF818306046FFF754
:108A0000A8FF204604B010BDF0B585B0019288B132
:108A10000F461D460446B1B1022D20D1E36B012B58
:108A20001DD04FF0500383F31188BFF36F8FBFF356
:108A30004F8FFEE74FF0500383F31188BFF36F8F22
:108A4000BFF34F8FFEE7036C002BE5D04FF05003D0
:108A500083F31188BFF36F8FBFF34F8FFEE700F0F2
:108A60009BFB064658B9019B002B48D04FF05003A2
:108A700083F31188BFF36F8FBFF34F8FFEE700269C
:108A80003DE02A4639462046FFF7AFFE636A7BB9D0
:108A900048B14FF0E0234FF08052C3F8042DBFF3EC
:108AA0004F8FBFF36F8F00F017FE012005B0F0BDB0
:108AB00004F1240000F0D2FA0028F4D04FF0E023B3
:108AC0004FF08052C3F8042DBFF34F8FBFF36F8F69
:108AD000E9E700F001FE0020E8E702A800F006FB4D
:108AE000012619E0002384F8443021E0002384F8B3
:108AF000453023E02046FFF7B3FE00F0B5F900F063
:108B0000C9FDA26BE36B9A42BBD3022DB9D0019B86
:108B1000002BDED0002EE0D000F0DEFD00F00AF9E0
:108B200000F0B8FD94F8442052B2B2F1FF3FD9D022
:108B300094F8452052B2B2F1FF3FD7D000F0CCFDFF
:108B400001A902A800F0DEFAD8B92046FFF73EFEE0
:108B50000028CFD0019904F1100000F067FA2046F8
:108B6000FFF77EFE00F080F90028C8D14FF0E02327
:108B70004FF08052C3F8042DBFF34F8FBFF36F8FB8
:108B8000BDE72046FFF76CFE00F06EF900208DE790
:108B90002DE9F84390B10F4690461E460446B1B108
:108BA000022E20D1E36B012B1DD04FF0500383F335
:108BB0001188BFF36F8FBFF34F8FFEE74FF0500365
:108BC00083F31188BFF36F8FBFF34F8FFEE7036C02
:108BD000002BE5D04FF0500383F31188BFF36F8F64
:108BE000BFF34F8FFEE700F0CBFDEFF311834FF0A3
:108BF000500282F31188BFF36F8FBFF34F8F9946F6
:108C0000A26BE36B9A4206D3022E04D0002089F3B4
:108C10001188BDE8F88394F845305DB2A36B324605
:108C200039462046FFF7E1FDB5F1FF3F06D02B4660
:108C300001335BB284F845300120E8E7636A0BB981
:108C40000120E4E704F1240000F008FA28B14346CB
:108C50002BB10120C8F80000D9E70120D7E7012097
:108C6000D5E700000023072B0CD8074A52F8332021
:108C70000AB10133F7E7044A42F8331002EBC302AA
:108C800050607047704700BF900B0020084B1B6876
:108C90001B6823B9074B4FF0FF321A607047044B33
:108CA0001B68DB68DB685A68024B1A60704700BFBC
:108CB000200C0020D40B002070B504460E46174B44
:108CC0001D68174B18680430FFF76DFDB4F1FF3FC6
:108CD0000DD02C44124B1B685C60A54210D9114B7F
:108CE00018680F4B19680431FFF741FD70BD002E65
:108CF000EFD00B4B196804310B48FFF72DFDF5E75A
:108D00000A4B1868064B19680431FFF730FD084B11
:108D10001B68A342EAD9064B1C60E7E7EC0B002076
:108D2000841000201C0C0020F40B0020200C0020DC
:108D3000D40B0020024A136801331360704700BF50
:108D4000D00B0020F8B53D4B1B68002B6ED13C4B7F
:108D50001D6801351D60C5B93A4B1B681B6843B1DE
:108D60004FF0500383F31188BFF36F8FBFF34F8F22
:108D7000FEE7344A1168344B186810601960334AB2
:108D8000136801331360FFF781FF314B1B68AB425F
:108D900041D900231F462F4B1B68DB6A03EB83037B
:108DA0009B002D4AD358012B01D901231F462B4B81
:108DB0001B68002B40D001231F463DE001231F46C6
:108DC000204B1B681B684BB31E4B1B68DB68DC68C1
:108DD00063689D4227D3261D3046FFF7E4FCA36A53
:108DE0001BB104F11800FFF7DEFCE06A1C4B1B68A6
:108DF000984201D91A4B186000EB80003146164B9F
:108E000003EB8000FFF7A8FCE26A124B1B68DB6AE9
:108E10009A42D3D2D4E700231F46D1E70C4B4FF040
:108E2000FF321A60B7E70A4A1360B4E70D4A1368C5
:108E30000133136000231F463846F8BDD00B0020D5
:108E4000EC0B0020200C00201C0C0020D80B002074
:108E5000D40B002084100020240C0020DC0B002008
:108E6000E80B0020E00B002038B5354B1B6843B9F8
:108E70004FF0500383F31188BFF36F8FBFF34F8F11
:108E8000FEE700F007FC2E4B1A68013A1A601B68D7
:108E9000002B4FD12B4B1B680BB91C464BE0002419
:108EA000294B1B681BB3284BDB68DC6804F11800F6
:108EB000FFF779FC251D2846FFF775FCE06A234B78
:108EC0001B68984201D9214B186000EB80002946AD
:108ED0001F4B03EB8000FFF73FFCE26A1D4B1B6852
:108EE000DB6A9A42DCD31C4B01221A60D8E70CB132
:108EF000FFF7CCFE194B1C6884B9174B1C68D4B122
:108F00004FF0E0234FF08052C3F8042DBFF34F8F92
:108F1000BFF36F8F01240EE0013C07D0FFF712FF73
:108F20000028F9D00C4B01221A60F5E70B4B002208
:108F30001A60E2E7002400F0CFFB204638BD00BFF6
:108F4000D00B0020F00B0020080C0020E80B0020C4
:108F5000240C002084100020DC0B0020E00B0020FB
:108F600008B52D4B1B681BB12C4B01221A6008BDA4
:108F70002A4B00221A602A4B1B681B6B1A68B2F13D
:108F8000A53F03D15A68B2F1A53F10D0244B186811
:108F90001968343100F0A3FC224B1B6803EB8302F9
:108FA000920021498A58A2B953B1013BF6E79A6869
:108FB000B2F1A53FEAD1DB68B3F1A53FE6D1EBE71B
:108FC0004FF0500383F31188BFF36F8FBFF34F8FC0
:108FD000FEE7084603EB830201EB82025168496811
:108FE000516003EB830292000832024491420BD09D
:108FF00003EB83010C4A02EB81025268D168084AF4
:109000001160084A1360B2E7486803EB8301064A1F
:1090100002EB81025060EBE7D00B0020DC0B00205C
:1090200084100020E80B0020240C002058B110B55B
:109030000C46094A11681831FFF799FB01212046B7
:10904000FFF73AFE10BD4FF0500383F31188BFF3D2
:109050006F8FBFF34F8FFEE78410002038B5C368D1
:10906000DC6834B304F118031D461846FFF79BFB78
:10907000184B1B6833BB231D1D461846FFF793FB97
:10908000E06A154B1B68984201D9134B186000EB3E
:1090900080002946114B03EB8000FFF75DFBE26A7D
:1090A0000F4B1B68DB6A9A4211D901200D4B1860E7
:1090B00038BD4FF0500383F31188BFF36F8FBFF3B8
:1090C0004F8FFEE729460848FFF746FBE7E70020F9
:1090D000EEE700BFD00B0020E80B0020240C00209E
:1090E00084100020DC0B0020080C0020034B1B68C0
:1090F0000360034B1B684360704700BFD80B002020
:10910000EC0B0020E0B170B50C46064609B300F048
:10911000C1FA1C4B19687368C81A2268B2F1FF3F84
:1091200028D03568DFF860C0DCF800C0654501D0A4
:109130008B4224D9824215D80023236001241AE0EF
:109140004FF0500383F31188BFF36F8FBFF34F8F3E
:10915000FEE74FF0500383F31188BFF36F8FBFF327
:109160004F8FFEE75B1A134423603046FFF7BEFFC4
:10917000002400E0002400F0AFFA204670BD012476
:10918000F9E700BFEC0B0020D80B0020014B0122B7
:109190001A607047DC0B0020054B1B6833B1054B90
:1091A0001B680BB1002070470220704701207047F8
:1091B000E40B0020D00B002000283ED038B5044638
:1091C0001E4B1B68834208D04FF0500383F3118875
:1091D000BFF36F8FBFF34F8FFEE7036D43B94FF0BF
:1091E000500383F31188BFF36F8FBFF34F8FFEE7F8
:1091F000013B0365C16AC26C91421CD00BB10020D7
:1092000038BD031D1D461846FFF7CDFAE06CE0623D
:10921000C0F13803A3610A4B1B68984201D9084B7F
:10922000186000EB80002946064B03EB8000FFF737
:1092300093FA0120E4E70020E2E770478410002061
:10924000E80B0020240C002000B583B000F022FAC7
:10925000114B1B681BB100F03FFA03B000BD0F4873
:10926000FFF76CFA0E48FFF769FA0E4B0B4A1A60CB
:109270000D4B0B4A1A60002300930C4B0C4A102133
:109280000A20FFF777FB044B18600028E3D0094958
:10929000FFF7E8FCDFE700BF7811002098110020FD
:1092A00084110020801100207C11002088100020F3
:1092B000D8100020D0AB0008F8B541B94FF05003EA
:1092C00083F31188BFF36F8FBFF34F8FFEE7044620
:1092D00016461F460D46079BA3B1FFF7B5FF079B38
:1092E0001C609D61DF61069B079A1362101DFFF7EA
:1092F00030FA3EB1079B93F8283043F00403079AF5
:1093000082F82830F8BD2DE9F04182B080460F4642
:1093100016461D462C2000F0E7F8044658B10023FD
:1093200080F828300190089B00932B46324639463E
:109330004046FFF7C1FF204602B0BDE8F08100B50E
:1093400085B084462C20039003982C2808D04FF039
:10935000500383F31188BFF36F8FBFF34F8FFEE786
:109360000398079870B10220DDF81CE08EF8280001
:10937000CDF804E0069800906046FFF79DFF07983F
:1093800005B000BD4FF0500383F31188BFF36F8F1A
:10939000BFF34F8FFEE70000B8B19C460346174865
:1093A000006850B300B585B0009101920293052981
:1093B0001CDCFFF7F1FE022810D000231A46694694
:1093C0000E480068FFF720FB15E04FF0500383F3D1
:1093D0001188BFF36F8FBFF34F8FFEE70023069A0C
:1093E000694606480068FFF70FFB04E00023624669
:1093F0006946FFF7CDFB05B000BD7047781100202E
:1094000048B110B5044600F045F9E3691C4600F088
:1094100063F9204610BD4FF0500383F31188BFF36A
:109420006F8FBFF34F8FFEE7124A12F0070F1ED067
:10943000D11D21F00701C1F5005313440A460E481F
:109440000260002141601344083B23F007030B48EE
:10945000036059601960991A51601360084B1960D4
:10946000084B1960084B4FF000421A6070474FF4E8
:109470000053E4E7CC110020C4110020C0110020EB
:10948000B8110020BC110020AC110020144B1A466A
:109490001B688342FBD3516802EB010C844509D061
:1094A000416800EB010C634509D00360904200D095
:1094B000106070474068014451601046F0E7DFF8E3
:1094C00024C0DCF800C0634506D05B6819444160E5
:1094D00013681B680360E9E7C0F800C0E6E700BF57
:1094E000C4110020C011002038B50446FFF722FC4B
:1094F000384B1B68B3B1384B1B681C4250D1002C51
:1095000050D004F1080214F0070F02D022F0070235
:109510000832002A55D0314B1B68934253D330494F
:109520000C6804E0FFF780FFE5E721461C4663680E
:10953000934202D22368002BF7D1264B1B68A3422B
:1095400043D00D68083523680B6063689B1A102BA5
:1095500010D9A01810F0070F08D04FF0500383F374
:109560001188BFF36F8FBFF34F8FFEE743606260D8
:10957000FFF78CFF626819490B689B1A0B60194949
:1095800009688B4201D217490B60134B1B681343C8
:10959000636000232360144A13680133136002E000
:1095A000002500E02546FFF75FFC15F0070F0ED001
:1095B0004FF0500383F31188BFF36F8FBFF34F8FCA
:1095C000FEE71546EFE70025EDE70025EBE7284627
:1095D00038BD00BFC0110020AC110020BC1100201C
:1095E000C4110020B8110020B4110020002835D08B
:1095F00038B50446A0F108031D4650F8043C184A4B
:109600001268134208D14FF0500383F31188BFF35F
:109610006F8FBFF34F8FFEE750F8081C41B14FF03A
:10962000500383F31188BFF36F8FBFF34F8FFEE7B3
:1096300023EA020340F8043CFFF77CFB54F8041CC7
:10964000084A13680B4413602846FFF71FFF064AB9
:10965000136801331360FFF707FC38BD704700BF84
:10966000AC110020BC110020B0110020000000004F
:10967000074B19680868B0E8F00F80F30988BFF35A
:109680006F8F4FF0000080F311884EF00D0E704781
:10969000841000204FF0500383F31188BFF36F8FC5
:1096A000BFF34F8F0B4A136801331360012B00D0B7
:1096B00070474FF0E023D3F8043D13F0FF0FF7D0CD
:1096C0004FF0500383F31188BFF36F8FBFF34F8FB9
:1096D000FEE700BFE8010020094B1B6843B94FF0CB
:1096E000500383F31188BFF36F8FBFF34F8FFEE7F3
:1096F000013B034A13600BB983F31188704700BF25
:10970000E801002000000000000000000000000050
:10971000EFF30980BFF36F8F0D4B1A6820E9F00F4C
:10972000106008B54FF0500080F31188FFF718FC67
:109730004FF0000080F31188BDE808401968086800
:10974000B0E8F00F80F30988BFF36F8F704700BF58
:109750008410002008B54FF0500383F31188BFF345
:109760006F8FBFF34F8FFFF7EDFA28B14FF0E02373
:109770004FF08052C3F8042D002383F3118808BDF5
:10978000EFF305830F2B0ED9114A9A5C114B1B780E
:109790009A4208D24FF0500383F31188BFF36F8FC2
:1097A000BFF34F8FFEE74FF0E023D3F80C3D03F4F7
:1097B000E063094A1268934208D94FF0500383F3DB
:1097C0001188BFF36F8FBFF34F8FFEE7704700BF65
:1097D000F0E300E0D0310020CC31002008B5FFF7E5
:1097E0000FFE10B102684068904708BD08B54FF001
:1097F000E0231B69FFF7D0FC012800D108BDFFF76B
:10980000A9FFFBE72DE9F04383B0EFF30584002CBB
:1098100044D105460F4616469846002840D00820F9
:10982000FFF762FE814600283CD00560466007B124
:10983000012443462BB3D8F80000D8F808301BB1F8
:10984000D8F80C202B2A12D853B14FF0FF33D3B1E4
:1098500000244846FFF7CAFE204603B0BDE8F08367
:10986000D8F80C30002BF2D04FF0FF33EFE7019324
:109870000D4B00934B4622460121FFF760FD044645
:1098800009E04046E3E7084B00934B46224601219E
:10989000FFF739FD0446002CDED1DAE70024DBE7D0
:1098A0000446D9E70446D7E7DD970008EFF30583C0
:1098B00063B90A4668B100B583B000930421FFF78D
:1098C0006BFD012808D1002003B000BD6FF005003A
:1098D00070476FF0030070476FF00200F4E74FF03D
:1098E000500383F31188BFF36F8FBFF34F8FFEE7F1
:1098F00038B50022002304460D46F7F749F828B989
:1099000020462946BDE8384000F00AB8204605F157
:10991000004100F005F8404261EB410138BD00BF55
:1099200070B500220B4B04460D46F6F7BFFDF7F766
:1099300095F80646F6F740FD0022074BF6F7B6FD10
:1099400002460B4620462946F6F7F8FBF7F786F85D
:10995000314670BD0000F03D0000F0410FB407B586
:10996000064904AB086853F8042B81680193FBF7A0
:1099700097FC03B05DF804EB04B070470C000020C6
:10998000036A70B505460E4684680BB9F8F77AFA93
:10999000636EDB0705D4A389980502D4A06DF8F7A0
:1099A00086FBA389190702D52369002B35D12146EF
:1099B0002846FBF7C7FD80B34FF0FF35636EDA072B
:1099C00005D4A3899B0502D4A06DF8F771FB284646
:1099D00070BD002B04DAA269934217DB0A2915D067
:1099E00023685A1C22601970A36816F8011F013BF6
:1099F000A3600029EDD18B4211DA22460A212846C4
:109A0000FBF762FD0130D7D00A25D7E7224628466A
:109A1000FBF75AFD0130E7D1CEE7013EE4E72368CA
:109A20005A1C22600A221A70EEE70000024B01461F
:109A30001868FFF7A5BF00BF0C0000200EB44FF45C
:109A4000017370B500259DB021AC54F8046BADF8DE
:109A500014301B9502900690F6F75AFB0B4B0390BF
:109A60000B934FF6FF7307900948ADF81630324656
:109A7000234602A900680F951495019400F09AF806
:109A80001DB0BDE8704003B0704700BF571F00080D
:109A90000C00002030B5141E05461A469BB005DAAE
:109AA0008B2303604FF0FF301BB030BD4FF000033D
:109AB000199318BF0123E31A02930593084B0091F1
:109AC0000491039369461E9BFAF7FCFD431CBCBF3F
:109AD0008B232B60002CE7D00022009B1A70E3E759
:109AE0000802FFFF07B5009313460A4601460348E4
:109AF0000068FFF7CFFF03B000BD00BF0C000020DF
:109B000038B54B1C144603D14FF0FF35284638BDFD
:109B10009389CDB223F020039381636B52688BB19C
:109B2000A36B934208DD23685A1E226003F8015C90
:109B3000636801336360E9E7214600F02EFB0028EB
:109B4000F1D0E1E72169236851B1994208D213F8B5
:109B5000011CA94204D1013B013223606260D5E7B8
:109B6000C4E90F3204F1440363630323A363234670
:109B700003F8465F23600123DCE710B50C46496B10
:109B800069B104F14403994201D0F9F70BF90020BF
:109B9000236C6063636013B1E36B236010BD2369C2
:109BA0004FF0FF30236000236360A38943F020035C
:109BB000A381F3E72DE9F04F0D460021ADF5237D9C
:109BC00080466F46CDE9441101A94691A449DFF8CA
:109BD00094B2A091A4490093A19192F80090B9F198
:109BE000000F00F058811BF80930561C13F00803D1
:109BF0001AD06B68002B10DD2B681A781BF8022036
:109C0000120701D43246E8E7459A01330132459202
:109C10006A682B60013A6A60EBE729464046A19BDF
:109C200098470028E8D0EDE7B9F1250F40F085808E
:109C30004193439353782A2B04BF1023961C4FF073
:109C40000A0208BF4193B2461AF8011BA1F1300382
:109C5000092B1CD903228548F8F72BFA38B1834B1E
:109C60005646C01A0123419A83401343419316F884
:109C7000013B782B06D8572B10D8252B5DD057D811
:109C8000002B75D0032347930A23429388E0439B1C
:109C9000564602FB031130394391D4E7A3F1580231
:109CA000202AEFD801A151F822F000BF7F9D0008C3
:109CB000859C0008859C0008DB9D0008859C0008A9
:109CC000859C0008859C0008859C0008859C0008F0
:109CD000859C0008859C0008F19D0008D79D000820
:109CE000379D0008379D0008379D0008859C0008B7
:109CF000919D0008859C0008859C0008859C0008B3
:109D0000859C0008019E0008999D0008779D000829
:109D1000859C0008859C0008FD9D0008859C000826
:109D2000D79D0008859C0008859C00087F9D000841
:109D3000453B022BA6D8052331E06B68002B0DDDD7
:109D40002B681A784A4540F0A68001336A682B6078
:109D5000459B013A01336A60459353E729464046E3
:109D6000A19B98470028EBD04498002840F08B80B6
:109D70004FF0FF308BE0419A42F020024192419A2D
:109D800042F40072419210226E2B429206D801E0FA
:109D900000234293032302E00823429304234793C2
:109DA0006B68002B3ADD419B590605D42B681A7865
:109DB0001BF80220120738D4479B022B47DC3B4696
:109DC0002A46404641A900F06BF8012863D00228DA
:109DD0007FF418AFC8E70A22D6E7314601A800F0A1
:109DE000A3F9419B064643F0400341930123D6E784
:109DF000419B43F0400341930023D0E70223CEE789
:109E00004198C3063FF5FEAE3B68459A191D39607F
:109E10001B68C4074CBF1A801A60F3E62946404607
:109E2000A19B98470028BED09EE7459A01324592F3
:109E30006A68013A002A6A6002DD01332B60B5E7E7
:109E400029464046A19B98470028AFD08CE7042BB9
:109E50000EDC3B462A46404641A900F07BF8B4E7B9
:109E6000019B000859A600087B9B00083BA4000842
:109E70000A4B002B3FF4C6AE3B462A46404641A95A
:109E8000F7F768FDA1E7AB895B063FF571AF0DF50C
:109E9000237DBDE8F08F4498F9E700BF551900080D
:109EA0002DE9F84315468A6880460C4632B98A691E
:109EB000002A14BF4FF0FF3201228A600027226877
:109EC000DFF88C90D1065FBF1A68111D1960166803
:109ED000A06988B1012807D12B681A7863699B5C57
:109EE00053B9002F32D023E0022821D12B681B78F0
:109EF00019F803301B071BD423680137DA065EBF4D
:109F00002B681B7806F8013B6B68013B6B602B6884
:109F100001332B60A368013BA3604BB16B68002B3E
:109F2000D6DC29464046D4F8803198470028CFD067
:109F3000236813F0100305D1E2680132E260A269E0
:109F400002B13370002023693B442361BDE8F883EC
:109F500059A600082DE9F04F0C4699466E4B87B084
:109F60008246164693E8070003AB83E807006B4B75
:109F7000A1696B4A2746032908BF1A46A3680192C4
:109F80005A1EB2F5AE7F81BF6FF4AE7503EB0508C4
:109F900040F25D13A36057F81C3B98BF4FF00008D8
:109FA0003D464FF0000B43F450632360316803AB30
:109FB0000222097853F82B00F8F77BF820B3BBF1A5
:109FC000010F54D162682AB908212268616042F405
:109FD00000722260226822F4A0622260A268511EF0
:109FE000A1608AB13268511C3160127805F8012BEA
:109FF0007268013A002A726006DC31465046D4F895
:10A000008021904700287DD10BF1010BBBF1030F9C
:10A01000CCD1616809B90A216160424B6069591A63
:10A0200000F082F84FF0000BA368002B3BD03168A2
:10A0300062690878125C002A35D03028226824D161
:10A04000100522D50BF1010BB8F1000F03D001333D
:10A0500008F1FF38A3607368013B002B73601BDDC0
:10A06000336801333360A368013BA360DCE7BBF1D5
:10A07000020FB3D1226802F4C061B1F5007FC8D1EC
:10A08000102142F480726160A7E722F4106222601E
:10A090000B7805F8013BDEE731465046D4F88031B5
:10A0A00098470028DFD02368DB050BD5BD4207D9D0
:10A0B00015F8011C32465046D4F87C319847013DD2
:10A0C000BD4227D0226812F0100212D12A70394600
:10A0D0006368019E5046B047D9F8003021681A1DC8
:10A0E000C9F800208E061B680FD51860E36801339D
:10A0F000E36000202369ED1B5D442B44236107B01E
:10A10000BDE8F08F4FF0000BCDE7CA074CBF1880B9
:10A110001860EBE70120F2E708A3000801460008F9
:10A12000E9A20008FBA4000870B50B7800F1FF0558
:10A130005E2B13BF002201224B784C1C08BF8C1CE5
:10A14000411E01F8012FA942FBD113B9621E10462E
:10A1500070BD82F001012246C154144614F8015B1F
:10A160002D2D05D05D2D16D0002DF0D02B46F2E719
:10A1700056785D2EFAD0B342F8DC1C460232013428
:10A18000A6420155FBDCF41A013CB342A8BF0024EF
:10A1900001332344E1E72246D9E72DE9F0410C469B
:10A1A000496B04F1440399421BD14FF48061F8F7E5
:10A1B0006DFE18B94FF0FF30BDE8F0814FF48063B9
:10A1C000A36394F84630606380F8FF3394F8453019
:10A1D00000F2FD30437094F844300370206000209A
:10A1E000EAE7A66B77003A46FAF7D7FF054600285C
:10A1F000E0D000EB0608014632464046FAF740FC44
:10A20000C4E90D57C4F80080E9E700002DE9F043E8
:10A2100086460D46334E284615F8014B375D17F03C
:10A220000807F8D12D2C10D101272C78851C33F08C
:10A23000100015D1302C0DD1287800F0DF005828FF
:10A2400008D16C78023510230AE02B2C04BF2C783F
:10A25000851CECE7002BF6D1302C14BF0A23082311
:10A260004FF0FF38B8FBF3F8002603FB08F930463F
:10A270006FEA0909A4F1300CBCF1090F10D864464B
:10A28000A3421EDDB6F1FF3F07D0804516D301D1B2
:10A29000A14513DB012600FB034015F8014BE9E75C
:10A2A000A4F1410CBCF1190F01D8373CE8E7A4F147
:10A2B000610CBCF1190F04D8573CE1E74FF0FF36B1
:10A2C000EBE7731C06D122233046CEF8003032B9BA
:10A2D000BDE8F08307B14042002AF9D006B1691EFB
:10A2E0001160F5E759A60008FFF790BFF8B500BF69
:10A2F000F8BC08BC9E467047F8B500BFF8BC08BC67
:04A300009E467047BE
:10A30800FDA4000800A5000803A50008494E460062
:10A31800696E66004E414E006E616E003031323318
:10A3280034353637383941424344454600303132B6
:10A3380033343536373839616263646566006525BC
:10A348006C6400496E66696E697479004E614E00EE
:10A358005245454E54206D616C6C6F632073756374
:10A36800636565646564002F646174612F6A656E56
:10A378006B696E732F776F726B73706163652F47AC
:10A388004E552D746F6F6C636861696E2F61726DC5
:10A398002D31352F7372632F6E65776C69622D636B
:10A3A800796777696E2F6E65776C69622F6C696261
:10A3B800632F7374646C69622F64746F612E630019
:10A3C80042616C6C6F632073756363656564656473
:10A3D800002F646174612F6A656E6B696E732F77E5
:10A3E8006F726B73706163652F474E552D746F6F75
:10A3F8006C636861696E2F61726D2D31352F7372D0
:10A40800632F6E65776C69622D63796777696E2F44
:10A418006E65776C69622F6C6962632F7374646C04
:10A4280069622F6D707265632E63002E00232D30D4
:10A438002B2000686C4C0065666745464700430062
:10A44800504F534958002C2066756E6374696F6EBF
:10A458003A2000617373657274696F6E20222573E8
:10A4680022206661696C65643A2066696C65202201
:10A478002573222C206C696E65202564257325734D
:10A488000A002F646174612F6A656E6B696E732FA1
:10A49800776F726B73706163652F474E552D746FBC
:10A4A8006F6C636861696E2F61726D2D31352F7322
:10A4B80072632F6E65776C69622D63796777696E51
:10A4C8002F6E65776C69622F6C6962632F73746491
:10A4D8006C69622F6764746F612D6765746865784D
:10A4E8002E6300412D46612D6638393031323334C0
:10A4F8003536375D002B2D003030007858000000CD
:10A5080005000000190000007D00000000000000A8
:10A518000080E03779C34143176E05B5B5B8934657
:10A52800F5F93FE9034F384D321D30F94877825A23
:10A538003CBF737FDD4F1575000000000000F03F41
:10A548000000000000002440000000000000594006
:10A558000000000000408F40000000000088C34059
:10A5680000000000006AF8400000000080842E41CE
:10A5780000000000D01263410000000084D797411A
:10A588000000000065CDCD41000000205FA0024220
:10A59800000000E876483742000000A2941A6D4295
:10A5A800000040E59C30A2420000901EC4BCD64288
:10A5B80000003426F56B0C430080E03779C3414333
:10A5C80000A0D8855734764300C84E676DC1AB43A9
:10A5D800003D9160E458E143408CB5781DAF1544C7
:10A5E80050EFE2D6E41A4B4492D54D06CFF08044A2
:10A5F800F64AE1C7022DB544B49DD9794378EA44B7
:10A6080034000000CEFBFFFFCB0300000100000078
:10A618000000000035000000CEFBFFFFCB03000068
:10A628000100000000000000BC89D897B2D29C3C11
:10A6380033A7A8D523F649393DA7F444FD0FA53221
:10A648009D978CCF08BA5B25436FAC6428066811C8
:10A6580000202020202020202020282828282820EA
:10A6680020202020202020202020202020202020E2
:10A67800208810101010101010101010101010104A
:10A68800100404040404040404040410101010103A
:10A698001010414141414141010101010101010104
:10A6A8000101010101010101010101011010101056
:10A6B80010104242424242420202020202020202D6
:10A6C800020202020202020202020202101010102A
:10A6D8002000000000000000000000000000000052
:10A6E8000000000000000000000000000000000062
:10A6F8000000000000000000000000000000000052
:10A708000000000000000000000000000000000041
:10A718000000000000000000000000000000000031
:10A728000000000000000000000000000000000021
:10A738000000000000000000000000000000000011
:10A748000000000000000000000000000000000001
:10A75800000000002564706172616D65746572287F
:10A7680073290D0A000000004D61696E00000000A9
:10A7780025730D0A0000000054686973206973206E
:10A7880061207465737420636F6D6D616E642066FB
:10A798006F72207368656C6C2E000000696E7075AE
:10A7A8007420696E743A2025642C20636861723ABB
:10A7B8002025632C20737472696E673A2025730D07
:10A7C8000A00000048656C6C6F20576F726C640D4E
:10A7D8000A0000006F735F74696D65725F7465735A
:10A7E80074000000617267765B25645D3D25702CFE
:10A7F800207374723D25730D0A000000746573742C
:10A808003D25660D0A00000025640000256600004D
:10A8180025642C2025662C2025642C202566200DF7
:10A828000A00000048656C6C6F2C207468697320FE
:10A8380069732061207368656C6C206F757470751E
:10A8480074207769746820656E64206C696E652170
:10A858000D0A00006F735F74696D65725F696E69D8
:10A8680074000000746573745F74696D657200002C
:10A87800706F6C6C000000004253505F696E697421
:10A888002E0D00005368656C6C5F496E697400009A
:10A898004253505F496E69740000000025735B25C0
:10A8A800632F2573204C3A256C752C543A256C750A
:10A8B8005D000000257300001B5B303B306D0D0010
:10A8C8001B5B303B306D00001B5B313B33316D004F
:10A8D8001B5B303B33336D001B5B313B33346D0006
:10A8E8001B5B303B33326D001B5B313B33316D41B9
:10A8F8007373657274206661696C757265210D00E9
:10A908004C6F636174696F6E3A20257320256C75EE
:10A918002E0D0A004C6F636174696F6E3A20756E74
:10A928006B6E6F776E20256C752E0D0A0000000087
:10A9380041737365727420696E666F3A2025732EB1
:10A948000D0A000041737365727420696E666F3A70
:10A9580020256C752E0D0A004578706F7274206979
:10A968006E69742025732E0D0A000000654C616223
:10A978004578706F727400006D6F64756C655F6EFA
:10A98800756C6C5F696E6974000000002E2E2E00D5
:10A998005368656C6C436F6D6D616E6420626C6F9B
:10A9A800636B20636F756E743A2025752E0A00005C
:10A9B8000D0A654C61622070726F6A6563740D0AD6
:10A9C8004275696C643A202020202020204279209A
:10A9D800476F754765206F6E2053657020203520BE
:10A9E800323032362032313A31333A35310D0A5667
:10A9F800657273696F6E3A2020202020332E312E25
:10AA0800310D0A436F707972696768743A202020A3
:10AA1800286329203230323520654C616220546524
:10AA2800616D0D0A000000002F0000000D0A0000F3
:10AA38003A000000242000000D0A506C656173651F
:10AA480020696E7075742070617373776F72643AE1
:10AA5800000000000D0A70617373776F72642065DF
:10AA680072726F720D0A00001B5B324A1B5B314821
:10AA78000000000025303878000000005265747529
:10AA8800726E3A20000000002C2030780000000090
:10AA9800434D4420000000005641522000000000B1
:10AAA80055534552000000004B4559200000000056
:10AAB8004E4F4E4500000000202000000D0A436F55
:10AAC8006D6D616E64204C6973743A0D0A00000064
:10AAD8000D0A566172204C6973743A0D0A00000021
:10AAE8000D0A55736572204C6973743A0D0A00009B
:10AAF8000D0A4B6579204C6973743A0D0A00000001
:10AB08000D0A5761726E696E673A20436F6D6D6109
:10AB18006E6420697320746F6F206C6F6E670D0A06
:10AB280000000000654C616200000000636F6D6DFD
:10AB3800616E642068656C70206F662000000000FC
:10AB4800436F6D6D616E64206E6F7420466F756E15
:10AB5800640D0A00203D2000220000003030303013
:10AB6800303030303030300063616E2774207365C8
:10AB7800742072656164206F6E6C79207661720D45
:10AB88000A00000063616E27742073657420706F7B
:10AB9800696E7465720D0A00566172206E6F7420BA
:10ABA800466F756E740D0A00206973206E6F7420ED
:10ABB80061207661720D0A001B5B324B0D000000AC
:10ABC8000820080020080000546D725100000000A1
:10ABD8006CA8000800000000000000000000000051
:10ABE800224120706F6C6C696E672066756E6374A5
:10ABF800696F6E20666F72207368656C6C22000046
:10AC0800746573745F706F6C6C5F7368656C6C00EF
:10AC1800224120737472696E67207661726961627D
:10AC28006C652200766172537472000022416E20B6
:10AC3800696E7465676572207661726961626C65B8
:10AC480022000000766172496E7400006B65795FBE
:10AC580068656C6C6F00000022412066756E637435
:10AC6800696F6E207769746820666C6F61742070F4
:10AC78006172616D657465727320696E20676363C4
:10AC880022000000676363466C6F617450617261F3
:10AC98006D000000466C6F6174506172616D000058
:10ACA800466C6F6174506172616D000022412066CC
:10ACB800756E6374696F6E2077697468207061724D
:10ACC800616D657465727328696E742C20636861A0
:10ACD800722C20737472696E67292020616E64205B
:10ACE80072657475726E220066756E63506172616A
:10ACF8006D0000002241207465737420636F6D6DD0
:10AD0800616E6420666F72207368656C6C22000047
:10AD1800746573745F636D645F7368656C6C000061
:10AD2800746573740000000066756E6300000000AF
:10AD38000102000002030405060708090A0B0C0DAE
:10AD48000E0F1010000000000102030400000000B4
:10AD580000000000010203040607080920455749BE
:10AD680044000000C8A80008D0A80008D8A8000817
:10AD7800E0A80008E8A80008666B65795F74616957
:10AD88006C000000636C65617220636F6E736F6C9A
:10AD980065000000636C6561720000006C69737483
:10ADA80020616C6C206B6579000000006B6579731D
:10ADB800000000006C69737420616C6C207661720D
:10ADC8000000000076617273000000006C69737403
:10ADD80020616C6C20636D6400000000636D647317
:10ADE800000000006C69737420616C6C20757365D9
:10ADF80072000000757365727300000073686F77E6
:10AE080020636F6D6D616E6420696E666F0D0A68F0
:10AE1800656C70205B636D645D00000068656C7034
:10AE280000000000656E746572000000656E746550
:10AE38007200000064656C65746500006261636B94
:10AE480073706163650000006261636B73706163B6
:10AE580065000000746162006C65667400000000A3
:10AE68007269676874000000646F776E0000000004
:10AE7800757000007365742076617200736574568E
:10AE880061720000C8AB0008CCAB0008646566615D
:10AE9800756C742075736572000000000000000076
:08AEA800654C6162000000002E
:10AEB000A5A5A5A55CA80008395900080000000058
:10AEC0000004000000000000A5A5A5A5A5A5A5A556
:10AED0008CA80008F95900080000000000050000D7
:10AEE00000000000A5A5A5A5A5A5A5A598A80008F2
:10AEF000B95A000800000000000000000000000037
:10AF0000A5A5A5A5A5A5A5A580A90008E56F00088C
:10AF1000000000000000000000000000A5A5A5A59D
:10AF2000EFBEEFBE78A80008E158000854030020E7
:10AF300000FE00002C010000EFBEEFBEEFBEEFBE32
:10AF400078A80008215A00086403002000FE0000D1
:10AF50000A000000EFBEEFBEEFBEEFBE78A800080B
:10AF6000E56F0008680B002000FE000080EE360050
:04AF7000EFBEEFBE83
:10AF7400ED5FB5DE0021000008AC0008C5580008EC
:10AF8400E8AB000800000000000000000000000022
:10AF940000000000000000000000000000000000AD
:10AFA400000000000000000000000000ED5FB5DEBE
:10AFB400ED5FB5DE000500002CAC0008C8010020E0
:10AFC40018AC0008000000000000000000000000B1
:10AFD400000000000000000000000000000000006D
:10AFE400000000000000000000000000ED5FB5DE7E
:10AFF400ED5FB5DE000200004CAC000860030020E9
:10B0040034AC000800000000000000000000000054
:10B01400000000000000000000000000000000002C
:10B02400000000000000000000000000ED5FB5DE3D
:10B03400ED5FB5DE0009000000000001F5570008CF
:10B0440054AC0008000000000000000000000000F4
:10B0540000000000000000000000000000000000EC
:10B06400000000000000000000000000ED5FB5DEFD
:10B07400ED5FB5DE000000008CAC00082958000824
:10B0840060AC0008000000000000000000000000A8
:10B0940000000000000000000000000000000000AC
:10B0A400000000000000000000000000ED5FB5DEBD
:10B0B400ED5FB5DE00210000A8AC0008955900083A
:10B0C4009CAC00080000000000000000000000002C
:10B0D400000000000000000000000000000000006C
:10B0E400000000000000000000000000ED5FB5DE7D
:10B0F400ED5FB5DE00010000F0AC0008D157000898
:10B10400B4AC0008000000000000000000000000D3
:10B11400000000000000000000000000000000002B
:10B12400000000000000000000000000ED5FB5DE3C
:10B13400ED5FB5DE0021000018AD0008B957000826
:10B14400FCAC00080000000000000000000000004B
:10B1540000000000000000000000000000000000EB
:10B16400000000000000000000000000ED5FB5DEFC
:10B17400ED5FB5DE0000000030AD00087557000833
:10B1840028AD0008000000000000000000000000DE
:10B1940000000000000000000000000000000000AB
:10B1A400000000000000000000000000ED5FB5DEBC
:10B1B400ED5FB5DE000900000000007E5B7600084C
:10B1C40080AD000800000000000000000000000046
:10B1D400000000000000000000000000000000006B
:10B1E400000000000000000000000000ED5FB5DE7C
:10B1F400ED5FB5DE002100009CAD0008A1780008D9
:10B204008CAD0008000000000000000000000000F9
:10B21400000000000000000000000000000000002A
:10B22400000000000000000000000000ED5FB5DE3B
:10B23400ED5FB5DE00210000B4AD0008557C0008C8
:10B24400A4AD0008000000000000000000000000A1
:10B2540000000000000000000000000000000000EA
:10B26400000000000000000000000000ED5FB5DEFB
:10B27400ED5FB5DE00210000CCAD0008A57B000821
:10B28400BCAD000800000000000000000000000049
:10B2940000000000000000000000000000000000AA
:10B2A400000000000000000000000000ED5FB5DEBB
:10B2B400ED5FB5DE00210000E4AD0008497B000825
:10B2C400D4AD0008000000000000000000000000F1
:10B2D400000000000000000000000000000000006A
:10B2E400000000000000000000000000ED5FB5DE7B
:10B2F400ED5FB5DE00210000FCAD0008FD7B000819
:10B30400ECAD000800000000000000000000000098
:10B314000000000000000000000000000000000029
:10B32400000000000000000000000000ED5FB5DE3A
:10B33400ED5FB5DE0020000024AE00087581000832
:10B3440004AE00080000000000000000000000003F
:10B3540000000000000000000000000000000000E9
:10B36400000000000000000000000000ED5FB5DEFA
:10B37400ED5FB5DE001900000000000DAD8400088B
:10B384002CAE0008000000000000000000000000D7
:10B3940000000000000000000000000000000000A9
:10B3A400000000000000000000000000ED5FB5DEBA
:10B3B400ED5FB5DE001900000000000AAD8400084E
:10B3C40034AE00080000000000000000000000008F
:10B3D4000000000000000000000000000000000069
:10B3E400000000000000000000000000ED5FB5DE7A
:10B3F400ED5FB5DE001900007E335B1B0F80000893
:10B404003CAE000800000000000000000000000046
:10B414000000000000000000000000000000000028
:10B42400000000000000000000000000ED5FB5DE39
:10B43400ED5FB5DE001900000000007F0580000804
:10B4440044AE0008000000000000000000000000FE
:10B4540000000000000000000000000000000000E8
:10B46400000000000000000000000000ED5FB5DEF9
:10B47400ED5FB5DE0019000000000008058000083B
:10B4840050AE0008000000000000000000000000B2
:10B4940000000000000000000000000000000000A8
:10B4A400000000000000000000000000ED5FB5DEB9
:10B4B400ED5FB5DE00090000000000096D7D0008A5
:10B4C4005CAE000800000000000000000000000066
:10B4D4000000000000000000000000000000000068
:10B4E400000000000000000000000000ED5FB5DE79
:10B4F400ED5FB5DE0019000000445B1B43760008D5
:10B5040060AE000800000000000000000000000021
:10B514000000000000000000000000000000000027
:10B52400000000000000000000000000ED5FB5DE38
:10B53400ED5FB5DE0019000000435B1B29760008AF
:10B5440068AE0008000000000000000000000000D9
:10B5540000000000000000000000000000000000E7
:10B56400000000000000000000000000ED5FB5DEF8
:10B57400ED5FB5DE0009000000425B1B5F7D000843
:10B5840070AE000800000000000000000000000091
:10B5940000000000000000000000000000000000A7
:10B5A400000000000000000000000000ED5FB5DEB8
:10B5B400ED5FB5DE0009000000415B1B557D00080E
:10B5C40078AE000800000000000000000000000049
:10B5D4000000000000000000000000000000000067
:10B5E400000000000000000000000000ED5FB5DE78
:10B5F400ED5FB5DE0021000084AE0008358300084D
:10B604007CAE000800000000000000000000000004
:10B614000000000000000000000000000000000026
:10B62400000000000000000000000000ED5FB5DE37
:10B63400ED5FB5DE00080000A8AE0008A4AE000867
:10B6440094AE0008000000000000000000000000AC
:10B6540000000000000000000000000000000000E6
:10B66400000000000000000000000000ED5FB5DEF7
:08B674009C4AFF7F0100000069
:04B67C006110000851
:04B680003910000875
:10B684000000000003000000080200201000002059
:10B69400000000000802002070020020D8020020F0
:10B6A4000000000000000000000000000000000096
:10B6B4000000000000000000000000000000000086
:10B6C4000000000000000000000000000000000076
:10B6D4000000000000000000000000004300000023
:10B6E4000000000000000000000000000000000056
:10B6F4000000000000000000000000004300000003
:10B704000000000000000000000000000000000035
:10B7140000000000000000000000000043000000E2
:10B724000000000000000000000000000000000015
:10B7340000000000000000000000000043000000C2
:10B7440000000000000000000000000000000000F5
:10B7540000000000000000000000000043000000A2
:10B7640000000000000000000000000000000000D5
:10B774000000000000000000000000004300000082
:10B7840000000000000000000000000000000000B5
:10B794000000000000000000000000004300000062
:10B7A4000000000000000000000000000000000095
:10B7B400000000000000000000000000F751000835
:10B7C400775100080000000058A6000833A40008C0
:10B7D40089A4000889A4000889A4000889A4000891
:10B7E40089A4000889A4000889A4000889A4000881
:10B7F40089A40008FFFFFFFFFFFFFFFFFFFFFFFF1C
:10B80400FFFF0000010041534349490000000000CC
:10B814000000000000000000000000000000000024
:10B8240000000000000041534349490000000000AB
:10B834000000000000000000000000000000000004
:10B8440000000000000000007465737420737472BB
:10B85400696E672076616C00010000001000000032
:0CB8640000127A0080000000AAAAAAAA24
:0400000508006E4938
:00000001FF
